asset_id,type,name,lat,lon,condition,elevation_m,capacity
AST-0000,shelter,Shelter 0,16.651,73.0894,POOR,1.4,4580
AST-0001,sea_wall,Sea Wall 1,20.9844,86.5234,CRITICAL,2.87,N/A
AST-0002,hospital,Hospital 2,8.0139,76.3163,FAIR,2.29,1258
AST-0003,power_plant,Power Plant 3,14.9491,80.4246,POOR,14.12,N/A
AST-0004,hospital,Hospital 4,20.2027,71.4094,GOOD,13.36,2552
AST-0005,road_segment,Road Segment 5,22.0209,88.8377,EXCELLENT,12.2,N/A
AST-0006,shelter,Shelter 6,23.5582,70.9292,FAIR,13.39,4964
AST-0007,shelter,Shelter 7,22.2692,88.0803,GOOD,10.63,4079
AST-0008,hospital,Hospital 8,10.1685,76.2008,CRITICAL,6.17,465
AST-0009,bridge,Bridge 9,22.0883,70.1613,EXCELLENT,0.75,N/A
AST-0010,shelter,Shelter 10,20.1217,84.6167,FAIR,11.72,4205
AST-0011,sea_wall,Sea Wall 11,21.2412,84.0641,POOR,5.49,N/A
AST-0012,road_segment,Road Segment 12,17.9616,73.6235,POOR,1.91,N/A
AST-0013,bridge,Bridge 13,14.5059,74.5682,POOR,12.71,N/A
AST-0014,power_plant,Power Plant 14,10.8661,80.1944,GOOD,3.14,N/A
AST-0015,road_segment,Road Segment 15,21.356,68.3698,GOOD,9.12,N/A
AST-0016,power_plant,Power Plant 16,8.5856,76.1465,CRITICAL,4.81,N/A
AST-0017,power_plant,Power Plant 17,21.9934,87.5037,POOR,13.64,N/A
AST-0018,road_segment,Road Segment 18,12.1025,74.7769,FAIR,1.18,N/A
AST-0019,hospital,Hospital 19,19.4382,85.397,FAIR,5.5,3041
AST-0020,bridge,Bridge 20,17.2761,81.4515,GOOD,14.02,N/A
AST-0021,hospital,Hospital 21,12.2539,74.3218,EXCELLENT,11.4,2582
AST-0022,sea_wall,Sea Wall 22,16.9373,73.9304,CRITICAL,13.38,N/A
AST-0023,bridge,Bridge 23,19.8821,85.2138,FAIR,1.53,N/A
AST-0024,power_plant,Power Plant 24,20.7612,68.9385,POOR,5.02,N/A
AST-0025,sea_wall,Sea Wall 25,19.0473,87.3909,POOR,7.47,N/A
AST-0026,sea_wall,Sea Wall 26,20.788,86.3445,EXCELLENT,12.62,N/A
AST-0027,hospital,Hospital 27,14.1503,74.9328,GOOD,13.55,2220
AST-0028,bridge,Bridge 28,8.7815,76.8787,POOR,7.73,N/A
AST-0029,sea_wall,Sea Wall 29,17.4417,72.9482,POOR,-0.22,N/A
AST-0030,power_plant,Power Plant 30,12.71,74.4839,GOOD,10.33,N/A
AST-0031,bridge,Bridge 31,21.2835,84.0776,EXCELLENT,-0.19,N/A
AST-0032,bridge,Bridge 32,20.7491,70.2932,EXCELLENT,2.31,N/A
AST-0033,road_segment,Road Segment 33,22.6466,71.7159,FAIR,9.44,N/A
AST-0034,hospital,Hospital 34,11.6958,75.1525,CRITICAL,5.77,4544
AST-0035,road_segment,Road Segment 35,12.7746,74.0485,FAIR,10.96,N/A
AST-0036,power_plant,Power Plant 36,19.7687,86.6459,POOR,9.15,N/A
AST-0037,hospital,Hospital 37,17.4154,84.4229,POOR,8.96,3575
AST-0038,sea_wall,Sea Wall 38,13.9606,74.9456,POOR,10.39,N/A
AST-0039,power_plant,Power Plant 39,11.7006,80.5386,GOOD,2.46,N/A
AST-0040,bridge,Bridge 40,15.4596,72.869,GOOD,3.2,N/A
AST-0041,hospital,Hospital 41,21.5387,88.2417,CRITICAL,0.78,3605
AST-0042,shelter,Shelter 42,21.3765,88.9858,POOR,2.61,2877
AST-0043,sea_wall,Sea Wall 43,19.8675,84.9387,CRITICAL,10.35,N/A
AST-0044,sea_wall,Sea Wall 44,12.4203,79.9861,CRITICAL,11.97,N/A
AST-0045,road_segment,Road Segment 45,13.239,74.9526,EXCELLENT,8.59,N/A
AST-0046,road_segment,Road Segment 46,21.4023,71.8104,POOR,-0.41,N/A
AST-0047,road_segment,Road Segment 47,12.8939,80.9964,POOR,1.73,N/A
AST-0048,bridge,Bridge 48,21.8597,88.7323,GOOD,10.97,N/A
AST-0049,sea_wall,Sea Wall 49,13.6802,74.4092,EXCELLENT,7.04,N/A
AST-0050,road_segment,Road Segment 50,12.7177,74.0096,CRITICAL,2.99,N/A
AST-0051,road_segment,Road Segment 51,23.4435,71.8489,POOR,-0.14,N/A
AST-0052,power_plant,Power Plant 52,21.6447,86.858,EXCELLENT,0.64,N/A
AST-0053,road_segment,Road Segment 53,15.7739,80.9886,GOOD,14.98,N/A
AST-0054,road_segment,Road Segment 54,14.2622,81.0528,CRITICAL,1.12,N/A
AST-0055,sea_wall,Sea Wall 55,22.3289,70.2961,FAIR,12.82,N/A
AST-0056,sea_wall,Sea Wall 56,15.597,73.6445,FAIR,13.95,N/A
AST-0057,hospital,Hospital 57,20.4051,85.9366,FAIR,11.32,962
AST-0058,power_plant,Power Plant 58,15.0373,79.9901,CRITICAL,6.91,N/A
AST-0059,road_segment,Road Segment 59,19.4973,72.8633,FAIR,12.91,N/A
AST-0060,road_segment,Road Segment 60,12.7869,74.6678,POOR,6.57,N/A
AST-0061,shelter,Shelter 61,21.4551,85.2282,CRITICAL,2.05,2378
AST-0062,bridge,Bridge 62,23.8849,71.4941,POOR,-0.6,N/A
AST-0063,hospital,Hospital 63,22.0177,88.6167,FAIR,6.56,704
AST-0064,road_segment,Road Segment 64,9.532,76.233,GOOD,5.35,N/A
AST-0065,power_plant,Power Plant 65,14.5454,74.1514,CRITICAL,3.73,N/A
AST-0066,power_plant,Power Plant 66,21.9782,88.4215,FAIR,12.25,N/A
AST-0067,shelter,Shelter 67,21.5898,84.7629,GOOD,4.01,2319
AST-0068,power_plant,Power Plant 68,14.8312,84.6349,EXCELLENT,8.55,N/A
AST-0069,shelter,Shelter 69,20.0026,85.5303,FAIR,1.97,1689
AST-0070,road_segment,Road Segment 70,18.5712,80.7187,GOOD,2.2,N/A
AST-0071,road_segment,Road Segment 71,14.2721,80.7057,CRITICAL,10.99,N/A
AST-0072,road_segment,Road Segment 72,14.29,80.4721,CRITICAL,1.95,N/A
AST-0073,bridge,Bridge 73,19.5768,85.8999,FAIR,13.83,N/A
AST-0074,hospital,Hospital 74,8.0481,75.1164,GOOD,5.54,647
AST-0075,sea_wall,Sea Wall 75,21.8358,88.9832,POOR,6.59,N/A
AST-0076,power_plant,Power Plant 76,21.2456,84.9415,CRITICAL,7.95,N/A
AST-0077,bridge,Bridge 77,21.5256,88.9488,GOOD,5.41,N/A
AST-0078,bridge,Bridge 78,16.8685,80.4552,EXCELLENT,-0.18,N/A
AST-0079,shelter,Shelter 79,12.6133,80.9153,POOR,5.05,2872
AST-0080,sea_wall,Sea Wall 80,9.3771,75.647,GOOD,6.02,N/A
AST-0081,shelter,Shelter 81,14.7054,83.2025,FAIR,5.85,3404
AST-0082,shelter,Shelter 82,19.2278,84.1803,CRITICAL,7.78,93
AST-0083,bridge,Bridge 83,21.6926,88.5001,POOR,2.35,N/A
AST-0084,sea_wall,Sea Wall 84,10.4754,76.1213,POOR,13.85,N/A
AST-0085,road_segment,Road Segment 85,18.1689,73.3064,POOR,12.26,N/A
AST-0086,power_plant,Power Plant 86,21.7646,87.3175,GOOD,6.5,N/A
AST-0087,sea_wall,Sea Wall 87,13.692,80.1445,GOOD,7.97,N/A
AST-0088,bridge,Bridge 88,22.0876,88.9493,GOOD,2.15,N/A
AST-0089,hospital,Hospital 89,15.7624,84.2522,GOOD,3.3,4496
AST-0090,power_plant,Power Plant 90,10.2871,80.7526,FAIR,11.15,N/A
AST-0091,bridge,Bridge 91,11.6512,80.1999,POOR,7.94,N/A
AST-0092,sea_wall,Sea Wall 92,18.0827,80.8139,POOR,8.18,N/A
AST-0093,sea_wall,Sea Wall 93,21.364,88.6259,CRITICAL,5.69,N/A
AST-0094,hospital,Hospital 94,16.3392,73.5165,CRITICAL,5.1,1990
AST-0095,road_segment,Road Segment 95,21.0221,88.0985,FAIR,12.59,N/A
AST-0096,road_segment,Road Segment 96,8.3511,76.7086,EXCELLENT,6.29,N/A
AST-0097,hospital,Hospital 97,15.095,79.5136,CRITICAL,5.52,3272
AST-0098,bridge,Bridge 98,9.0404,76.1461,EXCELLENT,6.47,N/A
AST-0099,sea_wall,Sea Wall 99,11.3767,76.5316,CRITICAL,0.89,N/A
AST-0100,shelter,Shelter 100,14.8094,84.5232,EXCELLENT,3.31,1966
AST-0101,road_segment,Road Segment 101,21.7455,88.548,FAIR,13.13,N/A
AST-0102,hospital,Hospital 102,12.2666,79.725,CRITICAL,6.6,193
AST-0103,bridge,Bridge 103,14.402,80.9575,GOOD,6.53,N/A
AST-0104,sea_wall,Sea Wall 104,16.6137,73.3211,EXCELLENT,12.21,N/A
AST-0105,power_plant,Power Plant 105,14.211,81.4715,FAIR,9.81,N/A
AST-0106,road_segment,Road Segment 106,19.5966,84.3707,GOOD,7.33,N/A
AST-0107,hospital,Hospital 107,15.5426,80.9997,POOR,13.11,2394
AST-0108,sea_wall,Sea Wall 108,22.3284,87.5671,GOOD,12.62,N/A
AST-0109,sea_wall,Sea Wall 109,19.7196,87.3024,POOR,9.32,N/A
AST-0110,shelter,Shelter 110,20.7946,86.6469,POOR,3.95,3436
AST-0111,hospital,Hospital 111,14.2926,82.9414,POOR,3.49,3957
AST-0112,shelter,Shelter 112,10.8808,80.9633,POOR,4.91,4936
AST-0113,road_segment,Road Segment 113,9.8924,75.4005,GOOD,3.66,N/A
AST-0114,power_plant,Power Plant 114,10.3011,79.3552,CRITICAL,9.47,N/A
AST-0115,road_segment,Road Segment 115,21.973,87.8642,POOR,7.0,N/A
AST-0116,road_segment,Road Segment 116,18.8411,73.7178,POOR,3.81,N/A
AST-0117,bridge,Bridge 117,21.4116,86.3136,EXCELLENT,1.98,N/A
AST-0118,power_plant,Power Plant 118,11.1172,76.0345,POOR,9.01,N/A
AST-0119,sea_wall,Sea Wall 119,13.1026,74.2565,CRITICAL,10.02,N/A
AST-0120,shelter,Shelter 120,18.8416,80.7679,FAIR,2.35,4844
AST-0121,power_plant,Power Plant 121,11.1156,80.3465,CRITICAL,12.48,N/A
AST-0122,power_plant,Power Plant 122,19.2701,73.8085,EXCELLENT,-0.83,N/A
AST-0123,hospital,Hospital 123,14.1249,81.5373,EXCELLENT,8.67,3256
AST-0124,power_plant,Power Plant 124,21.4513,88.3798,FAIR,5.91,N/A
AST-0125,hospital,Hospital 125,15.415,80.6327,FAIR,8.59,1795
AST-0126,sea_wall,Sea Wall 126,19.7187,86.9486,GOOD,4.12,N/A
AST-0127,road_segment,Road Segment 127,17.5442,83.1788,POOR,9.75,N/A
AST-0128,shelter,Shelter 128,15.8197,80.9583,CRITICAL,7.54,2374
AST-0129,sea_wall,Sea Wall 129,19.5067,87.2021,CRITICAL,4.85,N/A
AST-0130,shelter,Shelter 130,11.828,75.7218,POOR,10.49,3755
AST-0131,sea_wall,Sea Wall 131,18.238,73.6141,FAIR,13.64,N/A
AST-0132,power_plant,Power Plant 132,15.4896,73.2064,POOR,13.09,N/A
AST-0133,road_segment,Road Segment 133,19.7937,84.9219,POOR,3.29,N/A
AST-0134,sea_wall,Sea Wall 134,14.3091,83.0188,CRITICAL,6.08,N/A
AST-0135,power_plant,Power Plant 135,16.7872,73.24,POOR,11.32,N/A
AST-0136,road_segment,Road Segment 136,22.7879,70.9098,POOR,8.98,N/A
AST-0137,road_segment,Road Segment 137,20.0743,71.8159,POOR,0.65,N/A
AST-0138,power_plant,Power Plant 138,12.6143,74.599,POOR,13.12,N/A
AST-0139,bridge,Bridge 139,12.7295,80.3504,CRITICAL,1.65,N/A
AST-0140,power_plant,Power Plant 140,22.1092,88.4455,EXCELLENT,5.2,N/A
AST-0141,hospital,Hospital 141,14.0265,82.3435,GOOD,13.26,2903
AST-0142,shelter,Shelter 142,16.3437,84.5905,FAIR,9.32,4217
AST-0143,bridge,Bridge 143,21.5872,71.2367,EXCELLENT,7.53,N/A
AST-0144,road_segment,Road Segment 144,22.0256,87.7829,EXCELLENT,5.61,N/A
AST-0145,sea_wall,Sea Wall 145,17.5145,72.9448,GOOD,1.92,N/A
AST-0146,bridge,Bridge 146,19.204,86.1234,FAIR,1.81,N/A
AST-0147,road_segment,Road Segment 147,14.3122,84.0975,FAIR,7.2,N/A
AST-0148,road_segment,Road Segment 148,13.6913,74.2884,POOR,7.82,N/A
AST-0149,road_segment,Road Segment 149,12.6369,74.5454,CRITICAL,1.51,N/A
AST-0150,hospital,Hospital 150,15.3218,80.8135,GOOD,-0.08,3320
AST-0151,road_segment,Road Segment 151,20.8448,86.0547,EXCELLENT,9.71,N/A
AST-0152,shelter,Shelter 152,9.9213,76.0385,FAIR,1.18,4670
AST-0153,bridge,Bridge 153,22.3055,88.7818,POOR,0.49,N/A
AST-0154,sea_wall,Sea Wall 154,21.3121,88.0074,GOOD,6.71,N/A
AST-0155,bridge,Bridge 155,21.2187,88.3733,EXCELLENT,7.5,N/A
AST-0156,bridge,Bridge 156,21.8232,68.4847,CRITICAL,14.66,N/A
AST-0157,hospital,Hospital 157,21.4263,87.7801,GOOD,10.16,4472
AST-0158,power_plant,Power Plant 158,22.4278,87.9061,GOOD,13.66,N/A
AST-0159,sea_wall,Sea Wall 159,16.69,80.3797,EXCELLENT,12.32,N/A
AST-0160,hospital,Hospital 160,14.1782,74.3608,EXCELLENT,13.95,631
AST-0161,sea_wall,Sea Wall 161,19.8732,72.6463,CRITICAL,4.7,N/A
AST-0162,bridge,Bridge 162,21.9729,88.9192,FAIR,6.66,N/A
AST-0163,road_segment,Road Segment 163,17.4022,73.2303,EXCELLENT,13.59,N/A
AST-0164,shelter,Shelter 164,12.404,80.2631,GOOD,13.21,898
AST-0165,sea_wall,Sea Wall 165,14.6998,74.6559,GOOD,-0.7,N/A
AST-0166,road_segment,Road Segment 166,9.5531,76.2026,CRITICAL,2.83,N/A
AST-0167,road_segment,Road Segment 167,16.1115,80.0581,POOR,2.5,N/A
AST-0168,shelter,Shelter 168,17.7344,81.0158,POOR,7.08,3470
AST-0169,bridge,Bridge 169,20.9089,70.4628,EXCELLENT,14.05,N/A
AST-0170,power_plant,Power Plant 170,21.0723,86.6131,CRITICAL,11.75,N/A
AST-0171,sea_wall,Sea Wall 171,17.5491,80.0543,GOOD,8.41,N/A
AST-0172,hospital,Hospital 172,15.5785,80.0439,POOR,-0.16,3661
AST-0173,power_plant,Power Plant 173,13.9794,74.3967,CRITICAL,3.32,N/A
AST-0174,bridge,Bridge 174,17.6255,73.7211,POOR,4.43,N/A
AST-0175,sea_wall,Sea Wall 175,21.4277,69.7526,GOOD,10.35,N/A
AST-0176,hospital,Hospital 176,15.9357,84.9443,POOR,7.23,2719
AST-0177,sea_wall,Sea Wall 177,13.5806,74.5792,POOR,-0.24,N/A
AST-0178,road_segment,Road Segment 178,13.3801,74.0985,EXCELLENT,0.45,N/A
AST-0179,sea_wall,Sea Wall 179,10.8796,80.8633,GOOD,11.09,N/A
AST-0180,bridge,Bridge 180,10.0159,76.1857,GOOD,7.36,N/A
AST-0181,bridge,Bridge 181,16.4172,72.5138,GOOD,10.9,N/A
AST-0182,sea_wall,Sea Wall 182,20.3578,69.0714,FAIR,8.64,N/A
AST-0183,sea_wall,Sea Wall 183,19.0459,73.7809,CRITICAL,4.49,N/A
AST-0184,road_segment,Road Segment 184,9.4476,76.7573,GOOD,0.68,N/A
AST-0185,sea_wall,Sea Wall 185,21.7147,86.7894,GOOD,2.98,N/A
AST-0186,power_plant,Power Plant 186,10.2957,79.384,POOR,13.97,N/A
AST-0187,sea_wall,Sea Wall 187,21.0762,88.5408,CRITICAL,6.65,N/A
AST-0188,bridge,Bridge 188,15.9866,81.9881,FAIR,3.25,N/A
AST-0189,shelter,Shelter 189,10.5298,75.4435,FAIR,5.76,3086
AST-0190,sea_wall,Sea Wall 190,21.3562,71.8999,CRITICAL,4.41,N/A
AST-0191,power_plant,Power Plant 191,14.4272,74.2035,CRITICAL,5.28,N/A
AST-0192,sea_wall,Sea Wall 192,21.9804,88.3251,CRITICAL,1.17,N/A
AST-0193,shelter,Shelter 193,16.1589,73.0979,CRITICAL,14.31,4212
AST-0194,sea_wall,Sea Wall 194,21.5241,84.4736,FAIR,1.25,N/A
AST-0195,road_segment,Road Segment 195,17.3595,73.7577,CRITICAL,2.05,N/A
AST-0196,bridge,Bridge 196,19.8666,73.8367,EXCELLENT,6.96,N/A
AST-0197,bridge,Bridge 197,19.4317,85.3709,POOR,12.64,N/A
AST-0198,bridge,Bridge 198,20.2809,85.1875,FAIR,4.73,N/A
AST-0199,power_plant,Power Plant 199,20.1014,70.8907,GOOD,2.02,N/A
AST-0200,power_plant,Power Plant 200,14.0328,74.4068,GOOD,11.13,N/A
AST-0201,hospital,Hospital 201,21.4857,87.9676,POOR,10.83,4804
AST-0202,power_plant,Power Plant 202,23.8351,69.9562,EXCELLENT,0.62,N/A
AST-0203,bridge,Bridge 203,20.8621,84.371,CRITICAL,7.14,N/A
AST-0204,sea_wall,Sea Wall 204,16.662,72.9719,CRITICAL,-0.89,N/A
AST-0205,sea_wall,Sea Wall 205,19.0708,73.305,GOOD,3.8,N/A
AST-0206,road_segment,Road Segment 206,12.5552,74.7721,EXCELLENT,13.51,N/A
AST-0207,sea_wall,Sea Wall 207,22.1509,88.1739,CRITICAL,9.68,N/A
AST-0208,hospital,Hospital 208,14.1022,80.453,FAIR,9.54,1744
AST-0209,shelter,Shelter 209,9.2349,76.9706,CRITICAL,-0.55,2270
AST-0210,road_segment,Road Segment 210,12.7749,74.3404,FAIR,10.89,N/A
AST-0211,shelter,Shelter 211,22.0711,87.579,POOR,1.93,1024
AST-0212,shelter,Shelter 212,21.6339,87.6944,EXCELLENT,7.5,4686
AST-0213,hospital,Hospital 213,10.0975,76.7073,FAIR,0.0,4704
AST-0214,bridge,Bridge 214,21.4485,87.9312,CRITICAL,3.98,N/A
AST-0215,power_plant,Power Plant 215,14.8721,74.4052,CRITICAL,12.45,N/A
AST-0216,sea_wall,Sea Wall 216,21.8163,88.6551,FAIR,6.65,N/A
AST-0217,power_plant,Power Plant 217,23.0257,68.8119,CRITICAL,9.0,N/A
AST-0218,sea_wall,Sea Wall 218,20.7186,85.8746,CRITICAL,-0.17,N/A
AST-0219,bridge,Bridge 219,22.5565,71.1422,GOOD,9.47,N/A
AST-0220,hospital,Hospital 220,21.224,87.634,CRITICAL,1.78,3136
AST-0221,hospital,Hospital 221,15.638,83.45,EXCELLENT,3.09,783
AST-0222,sea_wall,Sea Wall 222,21.0931,88.0957,FAIR,9.35,N/A
AST-0223,sea_wall,Sea Wall 223,21.1619,88.1333,FAIR,14.44,N/A
AST-0224,shelter,Shelter 224,18.7001,72.8262,FAIR,6.72,1707
AST-0225,bridge,Bridge 225,8.721,75.9067,POOR,11.84,N/A
AST-0226,hospital,Hospital 226,13.4572,80.4805,CRITICAL,5.9,4901
AST-0227,hospital,Hospital 227,13.4007,74.3336,EXCELLENT,8.9,1172
AST-0228,bridge,Bridge 228,21.0896,88.5376,GOOD,7.33,N/A
AST-0229,bridge,Bridge 229,13.2587,74.3342,POOR,11.28,N/A
AST-0230,shelter,Shelter 230,23.7375,70.2843,POOR,0.97,1680
AST-0231,sea_wall,Sea Wall 231,21.5477,85.2318,CRITICAL,9.25,N/A
AST-0232,sea_wall,Sea Wall 232,23.8518,70.4665,GOOD,13.63,N/A
AST-0233,road_segment,Road Segment 233,14.8962,79.2005,CRITICAL,10.54,N/A
AST-0234,sea_wall,Sea Wall 234,17.8829,73.1087,POOR,14.02,N/A
AST-0235,road_segment,Road Segment 235,15.3992,73.0247,FAIR,4.79,N/A
AST-0236,sea_wall,Sea Wall 236,14.2332,79.1955,GOOD,11.15,N/A
AST-0237,shelter,Shelter 237,10.0883,75.5893,GOOD,3.65,1352
AST-0238,shelter,Shelter 238,11.4937,79.3465,FAIR,2.05,3262
AST-0239,power_plant,Power Plant 239,19.5509,87.1578,GOOD,14.78,N/A
AST-0240,bridge,Bridge 240,17.3241,72.8307,POOR,5.78,N/A
AST-0241,shelter,Shelter 241,12.9293,79.4267,EXCELLENT,8.53,1038
AST-0242,bridge,Bridge 242,21.2531,85.2597,POOR,8.93,N/A
AST-0243,power_plant,Power Plant 243,14.5,74.6993,GOOD,13.42,N/A
AST-0244,sea_wall,Sea Wall 244,21.9321,85.8537,POOR,9.62,N/A
AST-0245,bridge,Bridge 245,19.8042,85.9665,FAIR,12.5,N/A
AST-0246,sea_wall,Sea Wall 246,16.555,72.9548,GOOD,12.64,N/A
AST-0247,hospital,Hospital 247,12.2919,79.8976,POOR,12.87,824
AST-0248,shelter,Shelter 248,14.3219,80.5828,CRITICAL,3.0,2944
AST-0249,shelter,Shelter 249,19.7577,85.3969,GOOD,-0.48,2911
AST-0250,bridge,Bridge 250,17.7576,83.3538,GOOD,4.27,N/A
AST-0251,bridge,Bridge 251,10.419,80.0078,FAIR,1.08,N/A
AST-0252,bridge,Bridge 252,21.5755,88.4867,FAIR,-0.21,N/A
AST-0253,sea_wall,Sea Wall 253,12.762,79.4468,POOR,7.8,N/A
AST-0254,bridge,Bridge 254,21.884,87.5605,GOOD,1.16,N/A
AST-0255,shelter,Shelter 255,22.1522,88.4073,CRITICAL,1.86,731
AST-0256,shelter,Shelter 256,18.5317,73.8966,POOR,3.93,3422
AST-0257,hospital,Hospital 257,9.1562,75.4013,GOOD,5.93,1087
AST-0258,sea_wall,Sea Wall 258,23.8328,70.3043,GOOD,10.95,N/A
AST-0259,power_plant,Power Plant 259,20.738,70.2355,POOR,12.33,N/A
AST-0260,power_plant,Power Plant 260,13.9877,74.4515,EXCELLENT,8.45,N/A
AST-0261,sea_wall,Sea Wall 261,22.4686,88.5432,POOR,-0.91,N/A
AST-0262,bridge,Bridge 262,12.0152,80.4855,CRITICAL,-0.62,N/A
AST-0263,hospital,Hospital 263,23.1557,71.1017,CRITICAL,3.47,52
AST-0264,bridge,Bridge 264,20.2624,84.5908,CRITICAL,1.06,N/A
AST-0265,power_plant,Power Plant 265,13.2074,74.1804,GOOD,3.61,N/A
AST-0266,hospital,Hospital 266,21.1573,87.6285,POOR,2.94,371
AST-0267,power_plant,Power Plant 267,17.5974,72.5925,FAIR,13.28,N/A
AST-0268,shelter,Shelter 268,21.4315,88.6018,CRITICAL,6.25,87
AST-0269,hospital,Hospital 269,8.3381,75.998,FAIR,10.57,2150
AST-0270,road_segment,Road Segment 270,21.646,84.4577,EXCELLENT,1.37,N/A
AST-0271,bridge,Bridge 271,11.4295,80.0173,FAIR,3.35,N/A
AST-0272,sea_wall,Sea Wall 272,14.8513,80.0588,FAIR,6.85,N/A
AST-0273,sea_wall,Sea Wall 273,16.3196,82.5524,POOR,9.29,N/A
AST-0274,shelter,Shelter 274,12.2859,74.0862,EXCELLENT,7.87,1590
AST-0275,hospital,Hospital 275,16.9458,81.4438,GOOD,13.13,4088
AST-0276,power_plant,Power Plant 276,18.2591,80.6148,FAIR,7.06,N/A
AST-0277,hospital,Hospital 277,21.0585,71.318,POOR,9.2,4223
AST-0278,shelter,Shelter 278,21.7827,71.8589,GOOD,3.63,2484
AST-0279,sea_wall,Sea Wall 279,13.9449,74.4986,CRITICAL,2.64,N/A
AST-0280,road_segment,Road Segment 280,20.4246,87.3627,GOOD,11.67,N/A
AST-0281,sea_wall,Sea Wall 281,19.1859,85.7091,GOOD,12.44,N/A
AST-0282,bridge,Bridge 282,22.6423,69.1801,POOR,12.97,N/A
AST-0283,bridge,Bridge 283,14.583,74.7861,POOR,-0.16,N/A
AST-0284,bridge,Bridge 284,20.3273,84.0711,GOOD,7.67,N/A
AST-0285,hospital,Hospital 285,18.388,73.1074,EXCELLENT,12.01,4751
AST-0286,hospital,Hospital 286,21.1791,87.0737,EXCELLENT,12.38,3401
AST-0287,power_plant,Power Plant 287,22.1953,87.9855,FAIR,9.64,N/A
AST-0288,shelter,Shelter 288,21.2376,71.3395,EXCELLENT,1.53,296
AST-0289,power_plant,Power Plant 289,19.2508,73.66,GOOD,14.18,N/A
AST-0290,shelter,Shelter 290,12.2921,80.9751,CRITICAL,12.47,3007
AST-0291,hospital,Hospital 291,12.6169,80.5131,EXCELLENT,7.36,3841
AST-0292,road_segment,Road Segment 292,20.4383,87.0921,FAIR,13.45,N/A
AST-0293,shelter,Shelter 293,13.3126,74.6567,CRITICAL,0.01,556
AST-0294,hospital,Hospital 294,19.662,84.1771,FAIR,5.72,1962
AST-0295,sea_wall,Sea Wall 295,9.5067,75.6087,POOR,9.73,N/A
AST-0296,bridge,Bridge 296,21.1017,87.9647,GOOD,0.34,N/A
AST-0297,hospital,Hospital 297,21.4635,86.1101,EXCELLENT,7.55,3708
AST-0298,road_segment,Road Segment 298,21.6384,87.6917,CRITICAL,14.4,N/A
AST-0299,shelter,Shelter 299,20.2538,70.472,EXCELLENT,7.51,3657
AST-0300,shelter,Shelter 300,10.554,75.9155,FAIR,12.18,2997
AST-0301,hospital,Hospital 301,14.8708,84.3993,EXCELLENT,10.73,3203
AST-0302,hospital,Hospital 302,22.4376,88.2163,EXCELLENT,13.82,308
AST-0303,hospital,Hospital 303,11.9794,79.0939,CRITICAL,5.42,2973
AST-0304,road_segment,Road Segment 304,13.3899,74.7278,CRITICAL,0.18,N/A
AST-0305,shelter,Shelter 305,20.0453,84.4101,FAIR,7.81,2612
AST-0306,shelter,Shelter 306,17.5055,83.8636,GOOD,2.79,61
AST-0307,power_plant,Power Plant 307,8.8562,75.7839,CRITICAL,3.1,N/A
AST-0308,sea_wall,Sea Wall 308,21.487,88.4821,CRITICAL,-0.33,N/A
AST-0309,hospital,Hospital 309,14.6537,74.5479,POOR,14.6,3895
AST-0310,sea_wall,Sea Wall 310,19.9181,73.2848,EXCELLENT,1.0,N/A
AST-0311,power_plant,Power Plant 311,9.7246,76.3802,FAIR,5.96,N/A
AST-0312,sea_wall,Sea Wall 312,22.7687,70.7816,POOR,1.37,N/A
AST-0313,shelter,Shelter 313,13.529,74.5778,POOR,6.26,698
AST-0314,power_plant,Power Plant 314,18.074,73.8016,CRITICAL,10.8,N/A
AST-0315,shelter,Shelter 315,21.8351,69.5615,EXCELLENT,2.25,209
AST-0316,road_segment,Road Segment 316,10.8312,75.868,POOR,3.89,N/A
AST-0317,power_plant,Power Plant 317,8.3049,76.7737,CRITICAL,9.4,N/A
AST-0318,shelter,Shelter 318,15.5975,73.1953,EXCELLENT,3.71,2231
AST-0319,sea_wall,Sea Wall 319,20.1933,70.9943,GOOD,10.57,N/A
AST-0320,power_plant,Power Plant 320,22.1769,88.7588,POOR,4.42,N/A
AST-0321,hospital,Hospital 321,12.2901,74.0508,EXCELLENT,-0.49,3838
AST-0322,bridge,Bridge 322,21.06,88.1994,CRITICAL,1.54,N/A
AST-0323,power_plant,Power Plant 323,18.4151,73.9119,FAIR,12.12,N/A
AST-0324,sea_wall,Sea Wall 324,10.4789,79.0808,EXCELLENT,4.28,N/A
AST-0325,bridge,Bridge 325,18.4558,84.9927,CRITICAL,0.45,N/A
AST-0326,bridge,Bridge 326,11.4746,76.5334,EXCELLENT,4.99,N/A
AST-0327,power_plant,Power Plant 327,14.9133,84.2222,GOOD,-0.8,N/A
AST-0328,bridge,Bridge 328,13.5323,79.224,POOR,5.78,N/A
AST-0329,shelter,Shelter 329,19.7003,84.4534,FAIR,12.42,2219
AST-0330,sea_wall,Sea Wall 330,21.2356,88.8321,GOOD,13.28,N/A
AST-0331,sea_wall,Sea Wall 331,20.7648,85.3578,EXCELLENT,9.07,N/A
AST-0332,road_segment,Road Segment 332,17.4794,82.2007,CRITICAL,14.09,N/A
AST-0333,hospital,Hospital 333,14.6984,80.8555,FAIR,5.02,4060
AST-0334,sea_wall,Sea Wall 334,21.3035,88.3591,POOR,14.12,N/A
AST-0335,road_segment,Road Segment 335,17.0833,84.734,POOR,11.9,N/A
AST-0336,sea_wall,Sea Wall 336,15.3988,83.0188,FAIR,2.56,N/A
AST-0337,shelter,Shelter 337,17.3454,72.996,EXCELLENT,2.82,3024
AST-0338,road_segment,Road Segment 338,9.9177,76.3794,GOOD,5.98,N/A
AST-0339,bridge,Bridge 339,10.6486,80.1979,EXCELLENT,1.15,N/A
AST-0340,bridge,Bridge 340,21.6885,86.1835,FAIR,0.72,N/A
AST-0341,bridge,Bridge 341,18.6257,81.9894,FAIR,0.68,N/A
AST-0342,hospital,Hospital 342,21.8609,70.9592,CRITICAL,8.23,4571
AST-0343,hospital,Hospital 343,11.1139,76.9145,FAIR,14.79,4645
AST-0344,power_plant,Power Plant 344,20.1889,84.9515,EXCELLENT,5.96,N/A
AST-0345,power_plant,Power Plant 345,12.2353,74.6171,POOR,1.03,N/A
AST-0346,shelter,Shelter 346,21.6357,88.4618,FAIR,12.43,3670
AST-0347,road_segment,Road Segment 347,20.179,86.7744,EXCELLENT,4.06,N/A
AST-0348,bridge,Bridge 348,11.8217,75.51,EXCELLENT,-0.72,N/A
AST-0349,shelter,Shelter 349,19.8267,86.8356,GOOD,-0.75,2153
AST-0350,power_plant,Power Plant 350,18.4137,82.2288,POOR,10.74,N/A
AST-0351,road_segment,Road Segment 351,17.987,73.6382,POOR,10.2,N/A
AST-0352,bridge,Bridge 352,12.4908,74.072,FAIR,4.76,N/A
AST-0353,hospital,Hospital 353,14.355,79.5118,CRITICAL,5.12,1263
AST-0354,power_plant,Power Plant 354,11.949,75.8303,CRITICAL,5.73,N/A
AST-0355,shelter,Shelter 355,13.9114,74.4519,CRITICAL,-0.26,2028
AST-0356,hospital,Hospital 356,21.5258,70.1152,EXCELLENT,1.67,181
AST-0357,road_segment,Road Segment 357,16.1375,72.5016,GOOD,10.38,N/A
AST-0358,shelter,Shelter 358,12.2618,74.5987,FAIR,0.38,825
AST-0359,power_plant,Power Plant 359,13.7538,74.7648,GOOD,5.91,N/A
AST-0360,hospital,Hospital 360,13.1459,80.3247,GOOD,6.46,1997
AST-0361,bridge,Bridge 361,14.6265,74.4828,EXCELLENT,10.94,N/A
AST-0362,shelter,Shelter 362,15.566,72.742,FAIR,0.14,3483
AST-0363,sea_wall,Sea Wall 363,19.7301,85.8049,FAIR,9.36,N/A
AST-0364,power_plant,Power Plant 364,21.6142,85.3282,FAIR,7.84,N/A
AST-0365,power_plant,Power Plant 365,20.6448,69.0261,FAIR,6.78,N/A
AST-0366,bridge,Bridge 366,12.4747,74.9833,FAIR,1.79,N/A
AST-0367,bridge,Bridge 367,21.408,88.2286,GOOD,3.97,N/A
AST-0368,bridge,Bridge 368,15.2475,79.0707,CRITICAL,7.12,N/A
AST-0369,sea_wall,Sea Wall 369,15.3109,80.3031,GOOD,-0.12,N/A
AST-0370,road_segment,Road Segment 370,10.1883,75.1402,GOOD,11.22,N/A
AST-0371,bridge,Bridge 371,16.8685,72.8699,FAIR,0.27,N/A
AST-0372,sea_wall,Sea Wall 372,21.5882,68.5773,EXCELLENT,10.46,N/A
AST-0373,sea_wall,Sea Wall 373,20.9047,86.8883,EXCELLENT,-0.57,N/A
AST-0374,hospital,Hospital 374,14.6333,74.4391,POOR,13.59,1004
AST-0375,bridge,Bridge 375,14.7347,81.4753,CRITICAL,2.47,N/A
AST-0376,shelter,Shelter 376,15.4793,73.3017,EXCELLENT,4.89,992
AST-0377,bridge,Bridge 377,17.417,73.6708,POOR,0.22,N/A
AST-0378,hospital,Hospital 378,12.4069,74.2621,EXCELLENT,13.1,4166
AST-0379,power_plant,Power Plant 379,9.6918,76.44,FAIR,12.87,N/A
AST-0380,sea_wall,Sea Wall 380,22.032,88.4785,FAIR,5.67,N/A
AST-0381,sea_wall,Sea Wall 381,23.2353,70.796,FAIR,0.15,N/A
AST-0382,power_plant,Power Plant 382,22.2186,87.6173,CRITICAL,12.9,N/A
AST-0383,hospital,Hospital 383,21.1927,88.9059,EXCELLENT,2.44,1396
AST-0384,shelter,Shelter 384,22.4576,88.5551,GOOD,3.54,1092
AST-0385,bridge,Bridge 385,12.183,74.8623,CRITICAL,3.87,N/A
AST-0386,bridge,Bridge 386,18.3341,82.1597,POOR,6.56,N/A
AST-0387,road_segment,Road Segment 387,12.393,74.8521,EXCELLENT,5.15,N/A
AST-0388,sea_wall,Sea Wall 388,13.1883,74.0846,GOOD,14.79,N/A
AST-0389,hospital,Hospital 389,10.978,75.1735,POOR,2.15,2447
AST-0390,road_segment,Road Segment 390,21.247,88.4157,FAIR,12.1,N/A
AST-0391,shelter,Shelter 391,21.8987,87.7844,POOR,11.51,4432
AST-0392,power_plant,Power Plant 392,22.1093,88.9541,EXCELLENT,3.8,N/A
AST-0393,road_segment,Road Segment 393,14.0022,74.8846,FAIR,14.77,N/A
AST-0394,bridge,Bridge 394,21.4483,86.7915,POOR,-0.26,N/A
AST-0395,shelter,Shelter 395,10.1456,75.4442,CRITICAL,11.5,995
AST-0396,hospital,Hospital 396,21.425,84.8861,CRITICAL,13.52,4724
AST-0397,road_segment,Road Segment 397,13.1573,74.2523,FAIR,8.82,N/A
AST-0398,road_segment,Road Segment 398,11.336,75.3435,GOOD,11.27,N/A
AST-0399,hospital,Hospital 399,14.815,74.2163,CRITICAL,9.76,983
AST-0400,bridge,Bridge 400,21.9783,71.1656,CRITICAL,7.78,N/A
AST-0401,road_segment,Road Segment 401,15.1615,84.1548,FAIR,9.52,N/A
AST-0402,bridge,Bridge 402,21.1485,87.3974,GOOD,10.32,N/A
AST-0403,road_segment,Road Segment 403,22.4602,88.4227,POOR,5.29,N/A
AST-0404,power_plant,Power Plant 404,10.8898,76.4488,CRITICAL,-0.96,N/A
AST-0405,hospital,Hospital 405,13.1544,80.8728,FAIR,9.6,2606
AST-0406,sea_wall,Sea Wall 406,15.8556,80.6286,POOR,11.41,N/A
AST-0407,sea_wall,Sea Wall 407,14.8519,79.4564,GOOD,8.54,N/A
AST-0408,sea_wall,Sea Wall 408,20.6569,68.6484,GOOD,12.32,N/A
AST-0409,shelter,Shelter 409,8.9276,76.0055,FAIR,13.34,142
AST-0410,road_segment,Road Segment 410,20.8054,84.5449,GOOD,7.03,N/A
AST-0411,bridge,Bridge 411,12.387,79.9025,FAIR,14.55,N/A
AST-0412,shelter,Shelter 412,19.101,73.0029,GOOD,1.34,3308
AST-0413,road_segment,Road Segment 413,11.5742,75.397,POOR,8.08,N/A
AST-0414,power_plant,Power Plant 414,22.5869,71.392,FAIR,-0.6,N/A
AST-0415,sea_wall,Sea Wall 415,14.6683,74.9249,GOOD,4.36,N/A
AST-0416,bridge,Bridge 416,21.8554,68.3549,CRITICAL,9.14,N/A
AST-0417,shelter,Shelter 417,14.4613,79.3169,GOOD,-0.93,1545
AST-0418,hospital,Hospital 418,8.3592,75.0165,CRITICAL,8.55,2815
AST-0419,bridge,Bridge 419,22.3922,69.4789,GOOD,4.73,N/A
AST-0420,shelter,Shelter 420,10.9329,75.0784,POOR,9.91,4645
AST-0421,power_plant,Power Plant 421,12.9191,79.2466,FAIR,12.2,N/A
AST-0422,power_plant,Power Plant 422,11.1124,75.7891,EXCELLENT,0.1,N/A
AST-0423,sea_wall,Sea Wall 423,11.6584,76.5096,EXCELLENT,9.71,N/A
AST-0424,bridge,Bridge 424,23.2031,71.6357,FAIR,-0.36,N/A
AST-0425,hospital,Hospital 425,21.3723,88.2838,EXCELLENT,-0.16,3983
AST-0426,shelter,Shelter 426,15.4991,72.6171,GOOD,11.43,331
AST-0427,hospital,Hospital 427,21.7924,87.5998,POOR,12.56,688
AST-0428,bridge,Bridge 428,21.6138,88.518,CRITICAL,3.73,N/A
AST-0429,bridge,Bridge 429,8.0565,75.3808,POOR,9.61,N/A
AST-0430,sea_wall,Sea Wall 430,21.9975,85.4591,FAIR,1.65,N/A
AST-0431,hospital,Hospital 431,15.4995,80.8549,POOR,9.81,1156
AST-0432,road_segment,Road Segment 432,12.8393,74.5774,CRITICAL,13.49,N/A
AST-0433,road_segment,Road Segment 433,21.7832,88.8966,EXCELLENT,7.65,N/A
AST-0434,road_segment,Road Segment 434,10.1715,76.7325,GOOD,7.58,N/A
AST-0435,shelter,Shelter 435,16.088,84.0971,FAIR,12.51,4250
AST-0436,sea_wall,Sea Wall 436,12.1419,80.8566,FAIR,5.79,N/A
AST-0437,bridge,Bridge 437,19.3299,73.9973,GOOD,14.23,N/A
AST-0438,bridge,Bridge 438,19.9195,73.89,CRITICAL,7.54,N/A
AST-0439,shelter,Shelter 439,10.3277,76.0333,POOR,10.8,1091
AST-0440,power_plant,Power Plant 440,14.2375,79.1431,FAIR,3.8,N/A
AST-0441,power_plant,Power Plant 441,14.6123,81.8585,GOOD,3.8,N/A
AST-0442,bridge,Bridge 442,21.0136,84.0105,EXCELLENT,5.59,N/A
AST-0443,bridge,Bridge 443,10.9945,75.1565,FAIR,9.47,N/A
AST-0444,power_plant,Power Plant 444,12.6268,74.8004,FAIR,2.75,N/A
AST-0445,shelter,Shelter 445,21.7938,86.9184,EXCELLENT,6.4,3155
AST-0446,power_plant,Power Plant 446,13.3903,80.9764,POOR,2.22,N/A
AST-0447,bridge,Bridge 447,10.2699,76.4564,POOR,-0.73,N/A
AST-0448,power_plant,Power Plant 448,15.2252,80.5986,CRITICAL,8.71,N/A
AST-0449,sea_wall,Sea Wall 449,16.258,73.3309,FAIR,9.4,N/A
AST-0450,road_segment,Road Segment 450,13.2816,74.8962,FAIR,2.97,N/A
AST-0451,power_plant,Power Plant 451,14.5992,82.5449,FAIR,7.4,N/A
AST-0452,shelter,Shelter 452,11.4309,80.7206,FAIR,12.96,2727
AST-0453,hospital,Hospital 453,21.4528,71.259,POOR,1.03,2017
AST-0454,shelter,Shelter 454,22.1517,88.921,CRITICAL,5.85,2383
AST-0455,hospital,Hospital 455,16.4486,72.9087,CRITICAL,0.09,4226
AST-0456,sea_wall,Sea Wall 456,9.9842,75.8797,FAIR,8.0,N/A
AST-0457,hospital,Hospital 457,9.1904,76.7581,GOOD,2.03,4843
AST-0458,shelter,Shelter 458,17.784,72.7565,CRITICAL,5.92,4363
AST-0459,sea_wall,Sea Wall 459,16.0633,73.9863,POOR,3.89,N/A
AST-0460,bridge,Bridge 460,13.5404,74.1548,EXCELLENT,8.25,N/A
AST-0461,power_plant,Power Plant 461,19.1793,85.105,EXCELLENT,0.74,N/A
AST-0462,hospital,Hospital 462,22.5067,68.0083,EXCELLENT,14.53,1645
AST-0463,sea_wall,Sea Wall 463,13.7161,74.2607,GOOD,11.62,N/A
AST-0464,road_segment,Road Segment 464,13.5759,74.3946,POOR,7.02,N/A
AST-0465,power_plant,Power Plant 465,21.5264,88.4664,GOOD,1.07,N/A
AST-0466,sea_wall,Sea Wall 466,10.8274,76.3641,GOOD,7.35,N/A
AST-0467,road_segment,Road Segment 467,21.7858,86.8536,FAIR,13.5,N/A
AST-0468,shelter,Shelter 468,15.6437,79.2717,FAIR,4.09,270
AST-0469,power_plant,Power Plant 469,21.1355,87.7665,EXCELLENT,3.59,N/A
AST-0470,shelter,Shelter 470,22.003,88.5163,EXCELLENT,9.66,3638
AST-0471,power_plant,Power Plant 471,21.8054,84.1006,CRITICAL,10.87,N/A
AST-0472,sea_wall,Sea Wall 472,13.251,74.507,FAIR,12.19,N/A
AST-0473,sea_wall,Sea Wall 473,16.7611,83.2711,POOR,7.17,N/A
AST-0474,road_segment,Road Segment 474,22.1424,87.7751,CRITICAL,0.79,N/A
AST-0475,road_segment,Road Segment 475,19.4673,72.5657,CRITICAL,-0.71,N/A
AST-0476,power_plant,Power Plant 476,12.4747,74.9937,EXCELLENT,14.09,N/A
AST-0477,bridge,Bridge 477,21.078,87.1528,GOOD,14.15,N/A
AST-0478,bridge,Bridge 478,16.0952,82.8181,EXCELLENT,14.32,N/A
AST-0479,sea_wall,Sea Wall 479,9.1535,75.0444,POOR,12.08,N/A
AST-0480,hospital,Hospital 480,21.8432,85.6511,GOOD,0.43,2342
AST-0481,hospital,Hospital 481,20.4741,85.0962,POOR,5.64,254
AST-0482,sea_wall,Sea Wall 482,13.366,74.4443,FAIR,11.28,N/A
AST-0483,bridge,Bridge 483,10.9335,80.537,CRITICAL,-0.7,N/A
AST-0484,bridge,Bridge 484,21.2116,88.4731,GOOD,12.7,N/A
AST-0485,hospital,Hospital 485,14.6699,79.2787,GOOD,2.52,328
AST-0486,sea_wall,Sea Wall 486,18.9213,83.5573,POOR,1.29,N/A
AST-0487,shelter,Shelter 487,15.8591,82.2184,EXCELLENT,0.6,4978
AST-0488,power_plant,Power Plant 488,10.3021,80.2271,CRITICAL,14.96,N/A
AST-0489,sea_wall,Sea Wall 489,12.8257,79.3632,FAIR,6.24,N/A
AST-0490,hospital,Hospital 490,10.0075,79.869,CRITICAL,3.56,4004
AST-0491,shelter,Shelter 491,10.532,79.3228,POOR,12.66,4030
AST-0492,power_plant,Power Plant 492,16.8166,73.9353,FAIR,9.17,N/A
AST-0493,hospital,Hospital 493,19.714,72.8201,CRITICAL,13.7,2689
AST-0494,shelter,Shelter 494,22.6954,69.5185,POOR,5.27,4795
AST-0495,hospital,Hospital 495,22.4969,68.5387,POOR,2.69,2431
AST-0496,bridge,Bridge 496,20.2339,85.7483,GOOD,9.72,N/A
AST-0497,bridge,Bridge 497,20.4635,70.2223,EXCELLENT,11.82,N/A
AST-0498,shelter,Shelter 498,13.2121,79.3243,FAIR,6.42,3058
AST-0499,power_plant,Power Plant 499,18.9877,73.914,FAIR,14.03,N/A
AST-0500,power_plant,Power Plant 500,20.1358,87.4921,POOR,9.05,N/A
AST-0501,bridge,Bridge 501,9.3723,76.7525,FAIR,3.71,N/A
AST-0502,hospital,Hospital 502,16.0413,83.6124,FAIR,10.92,3229
AST-0503,shelter,Shelter 503,15.5334,73.1036,GOOD,13.38,705
AST-0504,power_plant,Power Plant 504,20.9192,68.1865,POOR,10.01,N/A
AST-0505,road_segment,Road Segment 505,22.052,88.2658,GOOD,9.03,N/A
AST-0506,road_segment,Road Segment 506,23.8151,68.8725,GOOD,7.46,N/A
AST-0507,bridge,Bridge 507,14.3558,74.8567,EXCELLENT,9.26,N/A
AST-0508,sea_wall,Sea Wall 508,12.3264,74.9426,CRITICAL,3.74,N/A
AST-0509,hospital,Hospital 509,10.3154,76.5509,POOR,6.6,1550
AST-0510,power_plant,Power Plant 510,23.8622,68.7721,CRITICAL,4.21,N/A
AST-0511,shelter,Shelter 511,14.07,81.2477,GOOD,1.04,3995
AST-0512,road_segment,Road Segment 512,18.686,73.8181,CRITICAL,8.77,N/A
AST-0513,bridge,Bridge 513,17.5916,73.9696,POOR,13.53,N/A
AST-0514,hospital,Hospital 514,15.7326,73.8867,POOR,11.34,4132
AST-0515,bridge,Bridge 515,22.9879,71.3362,POOR,3.81,N/A
AST-0516,shelter,Shelter 516,21.5654,88.3605,EXCELLENT,1.25,1134
AST-0517,sea_wall,Sea Wall 517,19.4922,86.5703,POOR,-0.44,N/A
AST-0518,bridge,Bridge 518,13.7496,74.9237,CRITICAL,8.86,N/A
AST-0519,power_plant,Power Plant 519,12.1599,79.1088,FAIR,4.83,N/A
AST-0520,sea_wall,Sea Wall 520,21.5593,87.5715,EXCELLENT,4.04,N/A
AST-0521,bridge,Bridge 521,10.1888,80.3794,POOR,1.48,N/A
AST-0522,power_plant,Power Plant 522,21.8865,88.6872,GOOD,1.61,N/A
AST-0523,road_segment,Road Segment 523,19.1339,73.9604,GOOD,14.43,N/A
AST-0524,hospital,Hospital 524,15.1043,81.3806,EXCELLENT,4.47,3648
AST-0525,shelter,Shelter 525,12.9976,74.5635,CRITICAL,5.49,4227
AST-0526,road_segment,Road Segment 526,22.045,87.6554,CRITICAL,0.87,N/A
AST-0527,shelter,Shelter 527,21.663,88.9087,POOR,-0.97,2378
AST-0528,power_plant,Power Plant 528,8.6784,75.8749,CRITICAL,11.76,N/A
AST-0529,shelter,Shelter 529,21.8226,88.2686,FAIR,4.53,804
AST-0530,road_segment,Road Segment 530,21.5229,85.307,POOR,5.87,N/A
AST-0531,road_segment,Road Segment 531,15.457,73.9709,FAIR,5.77,N/A
AST-0532,power_plant,Power Plant 532,21.0516,87.9172,EXCELLENT,8.19,N/A
AST-0533,bridge,Bridge 533,19.8212,84.0867,EXCELLENT,11.42,N/A
AST-0534,bridge,Bridge 534,18.4237,82.375,POOR,14.97,N/A
AST-0535,sea_wall,Sea Wall 535,19.3835,86.6484,GOOD,8.67,N/A
AST-0536,bridge,Bridge 536,21.1572,88.7067,EXCELLENT,1.46,N/A
AST-0537,power_plant,Power Plant 537,22.0939,88.1041,CRITICAL,10.93,N/A
AST-0538,shelter,Shelter 538,16.4204,83.3711,CRITICAL,5.68,527
AST-0539,bridge,Bridge 539,21.5987,69.2492,GOOD,-0.97,N/A
AST-0540,shelter,Shelter 540,12.1505,74.6545,POOR,13.43,2085
AST-0541,bridge,Bridge 541,11.0883,75.3699,EXCELLENT,12.91,N/A
AST-0542,bridge,Bridge 542,20.598,68.7141,EXCELLENT,7.2,N/A
AST-0543,sea_wall,Sea Wall 543,16.8993,80.4771,GOOD,4.01,N/A
AST-0544,sea_wall,Sea Wall 544,22.3456,88.3091,POOR,-0.23,N/A
AST-0545,sea_wall,Sea Wall 545,10.4909,80.127,EXCELLENT,5.5,N/A
AST-0546,hospital,Hospital 546,11.7099,76.2792,CRITICAL,9.97,3426
AST-0547,power_plant,Power Plant 547,20.0063,69.0901,EXCELLENT,11.64,N/A
AST-0548,shelter,Shelter 548,13.2294,74.3755,EXCELLENT,10.7,197
AST-0549,hospital,Hospital 549,15.5455,72.649,EXCELLENT,1.84,1678
AST-0550,hospital,Hospital 550,12.0735,74.7489,POOR,11.33,4264
AST-0551,bridge,Bridge 551,16.381,83.3213,GOOD,4.46,N/A
AST-0552,shelter,Shelter 552,11.9694,79.0594,POOR,0.2,962
AST-0553,hospital,Hospital 553,23.7969,71.7693,CRITICAL,5.81,3651
AST-0554,power_plant,Power Plant 554,23.5974,71.8239,EXCELLENT,10.57,N/A
AST-0555,hospital,Hospital 555,15.3397,84.0869,EXCELLENT,0.34,4827
AST-0556,power_plant,Power Plant 556,14.5331,79.3106,FAIR,11.99,N/A
AST-0557,power_plant,Power Plant 557,16.9969,83.0571,CRITICAL,3.94,N/A
AST-0558,road_segment,Road Segment 558,15.1209,81.2949,POOR,10.76,N/A
AST-0559,shelter,Shelter 559,20.4114,70.5186,POOR,4.06,1875
AST-0560,power_plant,Power Plant 560,8.8785,76.8982,GOOD,1.74,N/A
AST-0561,bridge,Bridge 561,14.9897,74.7311,EXCELLENT,6.67,N/A
AST-0562,hospital,Hospital 562,15.1561,82.915,GOOD,12.1,757
AST-0563,power_plant,Power Plant 563,13.4515,74.4204,EXCELLENT,14.17,N/A
AST-0564,power_plant,Power Plant 564,14.8402,74.9849,CRITICAL,2.93,N/A
AST-0565,power_plant,Power Plant 565,11.4443,76.1507,EXCELLENT,8.3,N/A
AST-0566,power_plant,Power Plant 566,20.6175,84.165,POOR,11.04,N/A
AST-0567,bridge,Bridge 567,11.4942,79.4298,EXCELLENT,-0.92,N/A
AST-0568,hospital,Hospital 568,12.0523,79.8852,FAIR,3.86,628
AST-0569,shelter,Shelter 569,13.8137,80.2643,POOR,8.91,490
AST-0570,power_plant,Power Plant 570,17.9868,73.9136,FAIR,0.77,N/A
AST-0571,power_plant,Power Plant 571,12.2221,74.7284,EXCELLENT,5.88,N/A
AST-0572,hospital,Hospital 572,9.5237,76.952,POOR,14.56,4546
AST-0573,sea_wall,Sea Wall 573,21.1541,88.7548,POOR,5.38,N/A
AST-0574,sea_wall,Sea Wall 574,11.01,75.0075,FAIR,3.87,N/A
AST-0575,bridge,Bridge 575,9.8192,76.2812,CRITICAL,2.94,N/A
AST-0576,shelter,Shelter 576,22.0753,87.9362,EXCELLENT,7.47,3462
AST-0577,shelter,Shelter 577,14.3281,83.109,CRITICAL,0.52,3583
AST-0578,sea_wall,Sea Wall 578,8.3281,75.4974,CRITICAL,8.57,N/A
AST-0579,power_plant,Power Plant 579,22.0244,70.1618,CRITICAL,7.22,N/A
AST-0580,hospital,Hospital 580,21.0752,88.3505,EXCELLENT,6.61,1403
AST-0581,hospital,Hospital 581,15.9018,73.3076,POOR,12.67,142
AST-0582,power_plant,Power Plant 582,15.4743,81.2619,POOR,-0.41,N/A
AST-0583,hospital,Hospital 583,15.4347,84.6672,POOR,12.17,3835
AST-0584,hospital,Hospital 584,14.3578,80.7144,GOOD,10.57,1815
AST-0585,shelter,Shelter 585,10.2891,76.1909,EXCELLENT,3.49,1741
AST-0586,power_plant,Power Plant 586,15.8532,79.2569,CRITICAL,6.65,N/A
AST-0587,power_plant,Power Plant 587,21.6587,87.8635,EXCELLENT,4.13,N/A
AST-0588,bridge,Bridge 588,8.3963,75.3452,POOR,13.97,N/A
AST-0589,power_plant,Power Plant 589,19.4724,72.6648,EXCELLENT,2.18,N/A
AST-0590,road_segment,Road Segment 590,10.3251,80.7273,CRITICAL,2.68,N/A
AST-0591,hospital,Hospital 591,14.767,74.4307,EXCELLENT,8.96,3935
AST-0592,shelter,Shelter 592,14.5644,82.5815,POOR,13.24,2570
AST-0593,road_segment,Road Segment 593,16.928,72.8696,EXCELLENT,5.39,N/A
AST-0594,sea_wall,Sea Wall 594,22.426,71.6661,CRITICAL,13.44,N/A
AST-0595,sea_wall,Sea Wall 595,19.3921,84.0399,GOOD,7.16,N/A
AST-0596,bridge,Bridge 596,21.1839,88.1719,GOOD,11.93,N/A
AST-0597,shelter,Shelter 597,12.3584,74.4814,GOOD,7.88,3468
AST-0598,road_segment,Road Segment 598,12.8063,74.7714,CRITICAL,11.62,N/A
AST-0599,hospital,Hospital 599,17.7786,84.0976,EXCELLENT,2.73,242
