sector_id,name,region,lat,lon,risk_level,population,elevation_m,slope_beta,drainage_score,vegetation_cover_pct,urbanization_pct
SEC-0000,Utkal Sector 0,Utkal Coast,21.1994,85.126,LOW,147589,18.47,0.024,87,19,62
SEC-0001,Bengal Sector 1,Bengal Coast,21.0598,88.1076,LOW,50779,17.41,0.014,30,75,95
SEC-0002,Canara Sector 2,Canara Coast,13.563,74.6378,SEVERE,43281,19.61,0.071,74,48,64
SEC-0003,Malabar Sector 3,Malabar Coast,9.7654,76.6625,SEVERE,91238,4.24,0.036,69,77,61
SEC-0004,Bengal Sector 4,Bengal Coast,21.2449,88.0758,CRITICAL,19345,6.11,0.063,59,50,58
SEC-0005,Bengal Sector 5,Bengal Coast,21.562,88.4429,MODERATE,126396,10.5,0.023,32,71,17
SEC-0006,Canara Sector 6,Canara Coast,14.8721,74.3646,MODERATE,44678,12.08,0.016,42,46,91
SEC-0007,Canara Sector 7,Canara Coast,14.4328,74.8931,SAFE,140178,9.75,0.047,85,24,32
SEC-0008,Utkal Sector 8,Utkal Coast,21.9442,84.4321,LOW,40444,15.3,0.028,60,10,32
SEC-0009,Coromandel Sector 9,Coromandel Coast,10.3767,79.3671,MODERATE,35304,11.24,0.047,81,71,67
SEC-0010,Utkal Sector 10,Utkal Coast,21.0153,86.2436,SEVERE,50540,15.08,0.062,83,19,60
SEC-0011,Konkan Sector 11,Konkan Coast,19.8957,72.9363,LOW,19716,23.15,0.037,36,78,88
SEC-0012,Gujarat Sector 12,Gujarat Coast,22.9208,71.3009,MODERATE,18021,9.4,0.029,70,55,49
SEC-0013,Andhra Sector 13,Andhra Coast,15.3743,80.8316,SEVERE,131251,13.04,0.024,65,47,87
SEC-0014,Gujarat Sector 14,Gujarat Coast,20.5638,71.1998,LOW,64829,15.43,0.012,42,29,71
SEC-0015,Coromandel Sector 15,Coromandel Coast,13.1219,79.4924,CRITICAL,86864,0.58,0.011,26,37,31
SEC-0016,Canara Sector 16,Canara Coast,14.0507,74.7298,LOW,30091,14.81,0.04,35,22,35
SEC-0017,Andhra Sector 17,Andhra Coast,15.4161,83.0584,SAFE,135401,23.11,0.076,88,50,12
SEC-0018,Utkal Sector 18,Utkal Coast,20.4263,85.1123,SEVERE,119631,6.9,0.026,20,9,35
SEC-0019,Canara Sector 19,Canara Coast,12.0882,74.5012,SEVERE,3154,2.57,0.022,64,21,17
SEC-0020,Gujarat Sector 20,Gujarat Coast,23.7863,69.972,SAFE,135574,17.27,0.031,83,45,43
SEC-0021,Andhra Sector 21,Andhra Coast,17.4122,83.7891,SAFE,41281,8.65,0.049,94,31,84
SEC-0022,Konkan Sector 22,Konkan Coast,17.8735,73.6148,LOW,16316,4.98,0.025,35,9,82
SEC-0023,Konkan Sector 23,Konkan Coast,19.0526,73.7307,MODERATE,116422,6.12,0.029,37,55,73
SEC-0024,Coromandel Sector 24,Coromandel Coast,12.0172,79.6088,MODERATE,93115,14.11,0.078,67,65,56
SEC-0025,Coromandel Sector 25,Coromandel Coast,11.2439,79.4019,CRITICAL,111372,0.64,0.075,82,54,72
SEC-0026,Malabar Sector 26,Malabar Coast,10.4829,76.3558,MODERATE,10974,17.17,0.012,73,58,91
SEC-0027,Bengal Sector 27,Bengal Coast,22.0673,88.2605,SEVERE,15025,10.45,0.02,40,34,71
SEC-0028,Konkan Sector 28,Konkan Coast,18.6476,72.961,SAFE,96743,14.43,0.05,64,77,65
SEC-0029,Bengal Sector 29,Bengal Coast,22.3701,88.0602,MODERATE,135380,1.2,0.053,64,22,10
SEC-0030,Konkan Sector 30,Konkan Coast,18.5407,72.77,CRITICAL,58440,14.14,0.055,47,77,49
SEC-0031,Gujarat Sector 31,Gujarat Coast,23.3616,68.164,LOW,105732,23.26,0.048,78,16,43
SEC-0032,Malabar Sector 32,Malabar Coast,10.371,75.7043,MODERATE,137624,22.53,0.027,48,59,11
SEC-0033,Malabar Sector 33,Malabar Coast,8.4688,76.9883,MODERATE,58228,5.94,0.032,63,45,85
SEC-0034,Gujarat Sector 34,Gujarat Coast,21.4898,68.7744,SAFE,49257,5.84,0.028,92,37,70
SEC-0035,Malabar Sector 35,Malabar Coast,10.1082,75.3952,MODERATE,126084,12.83,0.045,51,32,85
SEC-0036,Canara Sector 36,Canara Coast,12.0258,74.1378,LOW,10489,22.53,0.04,56,32,40
SEC-0037,Bengal Sector 37,Bengal Coast,21.4504,88.9834,SAFE,61308,20.81,0.072,92,12,37
SEC-0038,Andhra Sector 38,Andhra Coast,15.3344,80.5487,MODERATE,115436,2.8,0.033,32,16,29
SEC-0039,Canara Sector 39,Canara Coast,13.4223,74.5149,SAFE,118100,24.65,0.066,72,16,49
SEC-0040,Malabar Sector 40,Malabar Coast,9.7913,76.8517,LOW,41233,14.7,0.048,59,7,52
SEC-0041,Konkan Sector 41,Konkan Coast,19.7665,72.8857,LOW,69924,17.88,0.071,58,43,77
SEC-0042,Utkal Sector 42,Utkal Coast,19.5762,84.1829,MODERATE,60166,22.81,0.062,29,60,26
SEC-0043,Canara Sector 43,Canara Coast,12.8522,74.4664,SAFE,2562,8.36,0.055,50,35,91
SEC-0044,Coromandel Sector 44,Coromandel Coast,13.7807,80.8023,MODERATE,5142,9.23,0.059,87,47,67
SEC-0045,Konkan Sector 45,Konkan Coast,19.2354,73.891,LOW,33005,4.21,0.037,25,12,35
SEC-0046,Andhra Sector 46,Andhra Coast,15.2147,84.8042,LOW,142949,16.81,0.071,34,64,77
SEC-0047,Coromandel Sector 47,Coromandel Coast,10.1817,80.2068,MODERATE,58027,4.29,0.032,47,67,32
SEC-0048,Utkal Sector 48,Utkal Coast,21.3699,85.814,MODERATE,119031,22.2,0.054,93,37,61
SEC-0049,Canara Sector 49,Canara Coast,12.6453,74.1939,MODERATE,82778,21.81,0.048,61,43,33
SEC-0050,Utkal Sector 50,Utkal Coast,20.5334,85.2311,MODERATE,56122,20.07,0.015,27,60,32
SEC-0051,Konkan Sector 51,Konkan Coast,16.5928,73.0519,MODERATE,93711,5.39,0.049,83,79,92
SEC-0052,Utkal Sector 52,Utkal Coast,20.4426,87.0172,LOW,132317,3.72,0.037,81,47,51
SEC-0053,Canara Sector 53,Canara Coast,14.317,74.979,SAFE,32644,7.38,0.023,21,43,47
SEC-0054,Coromandel Sector 54,Coromandel Coast,12.6293,80.4432,MODERATE,126976,7.41,0.052,90,47,43
SEC-0055,Malabar Sector 55,Malabar Coast,8.5276,75.3241,MODERATE,21919,11.56,0.064,79,43,54
SEC-0056,Andhra Sector 56,Andhra Coast,17.5183,80.1658,SAFE,35554,16.33,0.034,93,35,42
SEC-0057,Gujarat Sector 57,Gujarat Coast,23.3896,70.3929,LOW,121431,16.63,0.024,58,63,67
SEC-0058,Utkal Sector 58,Utkal Coast,21.5848,85.8298,SAFE,81213,18.06,0.03,48,59,14
SEC-0059,Malabar Sector 59,Malabar Coast,11.311,75.0186,MODERATE,42506,23.36,0.015,87,29,20
SEC-0060,Bengal Sector 60,Bengal Coast,21.3486,87.8614,MODERATE,46071,22.56,0.032,51,10,63
SEC-0061,Gujarat Sector 61,Gujarat Coast,23.2419,70.135,LOW,149866,17.97,0.035,78,62,60
SEC-0062,Bengal Sector 62,Bengal Coast,21.0311,88.2358,SEVERE,103159,4.56,0.078,83,49,69
SEC-0063,Bengal Sector 63,Bengal Coast,21.2057,88.5211,MODERATE,39785,20.89,0.045,64,7,21
SEC-0064,Konkan Sector 64,Konkan Coast,16.3653,72.7007,CRITICAL,59540,22.52,0.044,65,72,89
SEC-0065,Utkal Sector 65,Utkal Coast,21.8403,86.361,MODERATE,76145,2.75,0.057,85,61,67
SEC-0066,Coromandel Sector 66,Coromandel Coast,13.3317,79.9251,SAFE,111140,11.73,0.037,55,37,19
SEC-0067,Andhra Sector 67,Andhra Coast,17.5444,82.4245,SAFE,81019,24.5,0.041,65,20,91
SEC-0068,Gujarat Sector 68,Gujarat Coast,23.6359,71.3546,MODERATE,76464,9.39,0.077,37,57,22
SEC-0069,Andhra Sector 69,Andhra Coast,16.8284,80.2414,MODERATE,96461,19.79,0.062,65,37,40
SEC-0070,Gujarat Sector 70,Gujarat Coast,23.8848,68.2522,MODERATE,37849,16.79,0.04,57,41,69
SEC-0071,Bengal Sector 71,Bengal Coast,22.0433,88.7056,CRITICAL,12301,0.95,0.068,93,49,37
SEC-0072,Bengal Sector 72,Bengal Coast,22.3578,87.5178,SAFE,59341,20.58,0.014,43,70,37
SEC-0073,Bengal Sector 73,Bengal Coast,22.0597,88.6226,SEVERE,136409,22.88,0.043,41,63,41
SEC-0074,Coromandel Sector 74,Coromandel Coast,14.3705,79.7296,LOW,38793,8.74,0.077,74,60,43
SEC-0075,Andhra Sector 75,Andhra Coast,16.9868,84.7796,LOW,14510,19.55,0.036,24,65,15
SEC-0076,Bengal Sector 76,Bengal Coast,21.4736,88.5229,SAFE,80520,21.59,0.014,61,29,81
SEC-0077,Gujarat Sector 77,Gujarat Coast,20.0822,68.7173,SAFE,103842,24.04,0.065,41,9,72
SEC-0078,Gujarat Sector 78,Gujarat Coast,21.1516,69.6699,SEVERE,21836,17.2,0.04,74,47,42
SEC-0079,Gujarat Sector 79,Gujarat Coast,23.0288,70.5417,LOW,47371,8.61,0.037,68,21,17
SEC-0080,Bengal Sector 80,Bengal Coast,21.7113,88.4976,SAFE,114875,7.83,0.026,54,71,86
SEC-0081,Bengal Sector 81,Bengal Coast,21.3592,87.8264,MODERATE,99897,21.65,0.079,50,35,22
SEC-0082,Konkan Sector 82,Konkan Coast,16.4203,73.8848,MODERATE,109166,2.59,0.056,79,12,74
SEC-0083,Utkal Sector 83,Utkal Coast,21.7658,85.3945,MODERATE,9906,2.07,0.039,95,64,12
SEC-0084,Bengal Sector 84,Bengal Coast,21.2849,88.1794,MODERATE,141375,16.97,0.048,26,41,40
SEC-0085,Bengal Sector 85,Bengal Coast,21.2372,88.4623,LOW,141170,22.93,0.069,61,55,10
SEC-0086,Coromandel Sector 86,Coromandel Coast,10.5387,80.8754,SAFE,99652,15.66,0.054,21,77,18
SEC-0087,Konkan Sector 87,Konkan Coast,18.3171,73.2055,SEVERE,2284,0.65,0.069,60,56,93
SEC-0088,Canara Sector 88,Canara Coast,13.2424,74.6719,SEVERE,90690,9.73,0.063,28,66,84
SEC-0089,Andhra Sector 89,Andhra Coast,17.519,84.934,LOW,17889,6.47,0.071,60,62,92
SEC-0090,Gujarat Sector 90,Gujarat Coast,21.8602,70.33,SEVERE,56388,18.42,0.039,65,24,41
SEC-0091,Bengal Sector 91,Bengal Coast,21.241,88.0384,SAFE,96844,8.9,0.07,27,36,63
SEC-0092,Konkan Sector 92,Konkan Coast,17.8494,73.6185,SAFE,87239,20.44,0.014,68,33,91
SEC-0093,Canara Sector 93,Canara Coast,13.4982,74.1452,MODERATE,26175,11.56,0.036,28,22,57
SEC-0094,Coromandel Sector 94,Coromandel Coast,11.9815,79.4299,SAFE,110207,9.07,0.024,85,47,61
SEC-0095,Gujarat Sector 95,Gujarat Coast,21.3022,68.1316,SAFE,106925,8.76,0.075,89,71,42
SEC-0096,Bengal Sector 96,Bengal Coast,22.1515,88.6821,SEVERE,47975,8.9,0.069,37,24,23
SEC-0097,Gujarat Sector 97,Gujarat Coast,23.4565,71.8475,SEVERE,83651,6.28,0.011,39,35,75
SEC-0098,Gujarat Sector 98,Gujarat Coast,22.7887,68.863,LOW,137498,23.63,0.044,77,31,55
SEC-0099,Coromandel Sector 99,Coromandel Coast,10.2729,80.2651,LOW,141983,14.35,0.062,55,44,20
SEC-0100,Andhra Sector 100,Andhra Coast,16.4287,83.9037,LOW,101513,18.96,0.017,23,64,49
SEC-0101,Malabar Sector 101,Malabar Coast,11.6161,75.9926,SAFE,42851,9.74,0.012,53,41,25
SEC-0102,Malabar Sector 102,Malabar Coast,11.4589,76.9575,SAFE,49681,10.89,0.013,42,66,51
SEC-0103,Canara Sector 103,Canara Coast,13.9706,74.5609,MODERATE,72874,11.41,0.07,53,43,17
SEC-0104,Utkal Sector 104,Utkal Coast,19.4519,85.1436,LOW,101126,2.4,0.042,76,79,56
SEC-0105,Gujarat Sector 105,Gujarat Coast,23.4218,71.3646,MODERATE,83805,18.74,0.021,53,24,70
SEC-0106,Malabar Sector 106,Malabar Coast,9.8942,75.1904,MODERATE,8987,7.83,0.065,26,80,74
SEC-0107,Malabar Sector 107,Malabar Coast,10.9422,76.2302,LOW,42023,4.05,0.074,79,15,41
SEC-0108,Gujarat Sector 108,Gujarat Coast,23.6234,71.1904,LOW,57659,17.42,0.032,41,21,72
SEC-0109,Coromandel Sector 109,Coromandel Coast,15.3262,80.3049,MODERATE,45877,7.31,0.034,43,5,51
SEC-0110,Gujarat Sector 110,Gujarat Coast,20.2928,68.8258,LOW,123433,18.24,0.016,62,18,32
SEC-0111,Canara Sector 111,Canara Coast,12.6627,74.1302,MODERATE,126957,11.66,0.019,59,15,58
SEC-0112,Malabar Sector 112,Malabar Coast,10.4536,75.0317,LOW,101475,5.6,0.079,92,39,30
SEC-0113,Andhra Sector 113,Andhra Coast,16.4157,82.7156,MODERATE,88542,18.55,0.044,47,48,27
SEC-0114,Bengal Sector 114,Bengal Coast,21.5051,88.4841,LOW,57210,21.8,0.017,63,42,35
SEC-0115,Konkan Sector 115,Konkan Coast,17.2842,72.6378,LOW,111000,18.7,0.034,73,41,36
SEC-0116,Andhra Sector 116,Andhra Coast,14.4916,83.1687,LOW,44320,11.05,0.022,59,48,34
SEC-0117,Coromandel Sector 117,Coromandel Coast,11.6332,79.4119,SAFE,17168,10.23,0.027,55,37,35
SEC-0118,Malabar Sector 118,Malabar Coast,11.9041,76.4551,LOW,4176,4.66,0.072,71,25,84
SEC-0119,Utkal Sector 119,Utkal Coast,19.2157,85.4473,MODERATE,5944,0.57,0.064,33,77,18
SEC-0120,Andhra Sector 120,Andhra Coast,18.8752,83.1073,SAFE,41173,20.96,0.021,55,9,92
SEC-0121,Bengal Sector 121,Bengal Coast,21.7837,88.7367,SEVERE,140884,0.72,0.014,32,59,18
SEC-0122,Konkan Sector 122,Konkan Coast,18.7719,73.0307,LOW,96396,23.55,0.039,21,39,47
SEC-0123,Utkal Sector 123,Utkal Coast,20.8478,84.5841,LOW,43387,20.74,0.06,86,18,83
SEC-0124,Andhra Sector 124,Andhra Coast,18.3083,83.9309,SAFE,7804,13.92,0.031,68,24,88
SEC-0125,Konkan Sector 125,Konkan Coast,18.8422,72.9714,LOW,71254,3.25,0.014,54,8,14
SEC-0126,Coromandel Sector 126,Coromandel Coast,10.2262,80.8228,SAFE,62953,8.8,0.013,81,25,31
SEC-0127,Konkan Sector 127,Konkan Coast,15.2249,73.8842,SAFE,39365,18.29,0.043,58,39,47
SEC-0128,Canara Sector 128,Canara Coast,12.294,74.9026,MODERATE,13354,5.07,0.014,31,25,62
SEC-0129,Bengal Sector 129,Bengal Coast,22.4388,88.0873,MODERATE,8533,13.08,0.037,65,79,95
SEC-0130,Andhra Sector 130,Andhra Coast,16.2603,81.8208,MODERATE,102053,1.67,0.044,56,14,45
SEC-0131,Konkan Sector 131,Konkan Coast,17.4672,72.7306,CRITICAL,98262,23.1,0.031,35,37,43
SEC-0132,Malabar Sector 132,Malabar Coast,9.1297,75.2242,MODERATE,87827,8.61,0.022,21,73,10
SEC-0133,Canara Sector 133,Canara Coast,14.301,74.6319,LOW,126878,20.5,0.07,63,33,53
SEC-0134,Konkan Sector 134,Konkan Coast,15.3687,73.9627,SAFE,132342,19.32,0.075,73,64,54
SEC-0135,Malabar Sector 135,Malabar Coast,11.015,75.0867,LOW,74702,12.45,0.058,88,20,24
SEC-0136,Canara Sector 136,Canara Coast,14.2571,74.2015,SAFE,67274,11.6,0.013,69,47,21
SEC-0137,Gujarat Sector 137,Gujarat Coast,22.6484,71.2266,SAFE,149424,24.91,0.012,37,29,73
SEC-0138,Bengal Sector 138,Bengal Coast,22.1769,88.0459,SAFE,83158,9.39,0.036,29,77,38
SEC-0139,Utkal Sector 139,Utkal Coast,21.0138,86.7088,MODERATE,9182,4.4,0.065,38,51,81
SEC-0140,Coromandel Sector 140,Coromandel Coast,13.6467,80.9041,SAFE,101416,23.75,0.012,67,38,67
SEC-0141,Malabar Sector 141,Malabar Coast,9.872,75.3186,LOW,118841,21.92,0.031,52,66,89
SEC-0142,Konkan Sector 142,Konkan Coast,18.5903,73.6419,LOW,87551,24.88,0.031,71,70,36
SEC-0143,Coromandel Sector 143,Coromandel Coast,11.7727,80.4379,LOW,69322,18.61,0.019,64,15,75
SEC-0144,Andhra Sector 144,Andhra Coast,14.3633,82.4688,SEVERE,125312,1.87,0.021,73,17,47
SEC-0145,Bengal Sector 145,Bengal Coast,21.5886,87.6731,LOW,98127,13.43,0.033,65,79,58
SEC-0146,Malabar Sector 146,Malabar Coast,10.5229,75.5477,MODERATE,109945,23.72,0.016,92,31,43
SEC-0147,Utkal Sector 147,Utkal Coast,19.4565,86.0079,LOW,94826,4.88,0.017,37,31,24
SEC-0148,Coromandel Sector 148,Coromandel Coast,10.2599,80.7618,SAFE,130828,1.06,0.047,57,47,81
SEC-0149,Gujarat Sector 149,Gujarat Coast,21.9981,69.2788,MODERATE,30003,9.92,0.031,80,62,30
SEC-0150,Andhra Sector 150,Andhra Coast,16.69,81.6636,MODERATE,47245,5.88,0.076,61,28,86
SEC-0151,Utkal Sector 151,Utkal Coast,21.361,84.5385,MODERATE,122881,17.0,0.021,86,17,93
SEC-0152,Gujarat Sector 152,Gujarat Coast,23.5133,71.7998,SEVERE,12876,11.98,0.023,91,40,35
SEC-0153,Utkal Sector 153,Utkal Coast,20.5259,84.5421,SAFE,31453,6.49,0.077,61,38,86
SEC-0154,Malabar Sector 154,Malabar Coast,11.2901,75.631,SEVERE,121635,2.56,0.035,20,55,40
SEC-0155,Konkan Sector 155,Konkan Coast,18.1315,72.803,MODERATE,53528,13.37,0.044,42,63,38
SEC-0156,Coromandel Sector 156,Coromandel Coast,11.8379,80.4458,LOW,105539,20.17,0.05,57,80,93
SEC-0157,Canara Sector 157,Canara Coast,14.564,74.6429,MODERATE,63446,6.02,0.022,74,6,63
SEC-0158,Gujarat Sector 158,Gujarat Coast,21.8722,70.269,SEVERE,14713,22.02,0.035,92,9,88
SEC-0159,Gujarat Sector 159,Gujarat Coast,20.6911,68.878,LOW,77554,14.81,0.062,88,60,66
SEC-0160,Bengal Sector 160,Bengal Coast,21.2507,88.0946,SAFE,17316,13.79,0.026,56,38,62
SEC-0161,Bengal Sector 161,Bengal Coast,21.6614,87.8443,SAFE,55123,12.72,0.052,21,64,76
SEC-0162,Utkal Sector 162,Utkal Coast,21.0455,85.7378,SEVERE,80533,2.48,0.051,89,17,48
SEC-0163,Utkal Sector 163,Utkal Coast,20.7192,87.3944,MODERATE,63614,17.44,0.08,27,46,26
SEC-0164,Konkan Sector 164,Konkan Coast,18.6388,73.5364,SAFE,106945,6.41,0.066,20,40,69
SEC-0165,Canara Sector 165,Canara Coast,13.9873,74.6496,MODERATE,34974,6.33,0.063,37,58,17
SEC-0166,Andhra Sector 166,Andhra Coast,17.8238,80.2458,MODERATE,120359,2.16,0.041,42,32,39
SEC-0167,Malabar Sector 167,Malabar Coast,9.5677,76.8585,LOW,56054,12.09,0.053,59,6,28
SEC-0168,Coromandel Sector 168,Coromandel Coast,11.1109,79.5125,LOW,91862,21.71,0.018,88,43,32
SEC-0169,Andhra Sector 169,Andhra Coast,15.6068,80.0708,SAFE,87505,14.33,0.05,37,27,16
SEC-0170,Malabar Sector 170,Malabar Coast,11.3604,75.0517,LOW,5884,4.45,0.039,29,63,48
SEC-0171,Andhra Sector 171,Andhra Coast,15.9873,83.0507,LOW,88063,8.78,0.03,83,44,36
SEC-0172,Coromandel Sector 172,Coromandel Coast,15.065,80.4538,MODERATE,58615,18.93,0.079,74,74,37
SEC-0173,Malabar Sector 173,Malabar Coast,8.1458,76.7521,MODERATE,37068,4.03,0.023,30,63,41
SEC-0174,Coromandel Sector 174,Coromandel Coast,13.8223,79.2604,CRITICAL,123268,4.11,0.027,58,62,78
SEC-0175,Andhra Sector 175,Andhra Coast,17.7765,82.1604,LOW,81754,22.04,0.029,90,47,91
SEC-0176,Andhra Sector 176,Andhra Coast,17.398,80.6227,LOW,145006,6.56,0.015,84,79,85
SEC-0177,Utkal Sector 177,Utkal Coast,19.1871,87.1246,SAFE,39590,19.83,0.029,51,72,90
SEC-0178,Gujarat Sector 178,Gujarat Coast,21.3306,71.9306,LOW,62105,15.82,0.022,44,15,83
SEC-0179,Utkal Sector 179,Utkal Coast,19.4599,86.7604,LOW,14432,24.37,0.071,67,75,48
SEC-0180,Utkal Sector 180,Utkal Coast,21.1746,86.7606,LOW,124354,18.76,0.055,67,32,45
SEC-0181,Gujarat Sector 181,Gujarat Coast,20.5033,71.3068,SAFE,102408,20.02,0.073,56,19,30
SEC-0182,Coromandel Sector 182,Coromandel Coast,12.4339,79.8035,LOW,64212,15.02,0.056,61,21,50
SEC-0183,Utkal Sector 183,Utkal Coast,19.6759,86.0467,MODERATE,66371,14.57,0.017,52,43,48
SEC-0184,Andhra Sector 184,Andhra Coast,17.1645,83.2475,SAFE,107179,11.53,0.033,65,12,87
SEC-0185,Utkal Sector 185,Utkal Coast,21.8688,85.8304,MODERATE,111566,13.65,0.037,36,19,59
SEC-0186,Andhra Sector 186,Andhra Coast,16.354,82.0388,LOW,117763,14.53,0.069,23,18,82
SEC-0187,Andhra Sector 187,Andhra Coast,17.6074,83.0302,LOW,109719,14.7,0.049,58,56,46
SEC-0188,Gujarat Sector 188,Gujarat Coast,21.3988,68.5942,SAFE,78580,6.19,0.06,42,49,19
SEC-0189,Coromandel Sector 189,Coromandel Coast,15.4458,79.2427,LOW,130166,0.81,0.038,69,13,62
SEC-0190,Coromandel Sector 190,Coromandel Coast,12.0519,80.0674,SAFE,35569,10.87,0.019,64,68,15
SEC-0191,Canara Sector 191,Canara Coast,12.9604,74.4872,SAFE,149696,16.55,0.072,75,54,42
SEC-0192,Andhra Sector 192,Andhra Coast,16.8916,80.9531,SAFE,106434,21.74,0.018,32,15,71
SEC-0193,Bengal Sector 193,Bengal Coast,22.2332,88.3155,SAFE,89455,13.81,0.023,92,55,19
SEC-0194,Konkan Sector 194,Konkan Coast,16.3087,72.9094,MODERATE,59424,7.08,0.012,42,5,75
SEC-0195,Konkan Sector 195,Konkan Coast,16.7407,72.5796,LOW,10198,15.74,0.05,23,25,26
SEC-0196,Coromandel Sector 196,Coromandel Coast,14.2113,80.6001,LOW,34537,15.02,0.065,22,79,19
SEC-0197,Coromandel Sector 197,Coromandel Coast,13.6247,80.0049,MODERATE,126580,16.78,0.045,56,48,37
SEC-0198,Bengal Sector 198,Bengal Coast,21.9838,88.5945,SEVERE,47855,20.16,0.014,70,77,50
SEC-0199,Canara Sector 199,Canara Coast,14.5432,74.4634,SEVERE,65757,2.92,0.039,37,11,95
SEC-0200,Utkal Sector 200,Utkal Coast,21.4126,85.8337,MODERATE,50466,10.93,0.064,46,79,94
SEC-0201,Malabar Sector 201,Malabar Coast,10.9628,76.8717,SAFE,63299,10.48,0.039,70,27,83
SEC-0202,Andhra Sector 202,Andhra Coast,16.0123,80.1166,MODERATE,17779,9.66,0.019,89,65,28
SEC-0203,Andhra Sector 203,Andhra Coast,17.8874,81.7099,SAFE,3947,12.72,0.046,48,60,22
SEC-0204,Utkal Sector 204,Utkal Coast,20.7291,86.2311,LOW,13783,22.87,0.048,71,25,61
SEC-0205,Canara Sector 205,Canara Coast,14.4906,74.7589,SAFE,41926,3.32,0.063,64,52,51
SEC-0206,Utkal Sector 206,Utkal Coast,19.6259,86.8436,SAFE,145877,20.67,0.06,51,44,89
SEC-0207,Malabar Sector 207,Malabar Coast,8.9531,76.9203,SAFE,41826,15.99,0.034,52,6,87
SEC-0208,Malabar Sector 208,Malabar Coast,10.3787,76.3059,LOW,92135,22.99,0.026,36,47,58
SEC-0209,Andhra Sector 209,Andhra Coast,16.1199,82.0578,SAFE,87529,16.1,0.073,89,64,61
SEC-0210,Utkal Sector 210,Utkal Coast,20.3233,86.9445,SAFE,57194,24.92,0.028,95,35,87
SEC-0211,Gujarat Sector 211,Gujarat Coast,20.3815,70.517,MODERATE,103776,15.12,0.044,51,73,51
SEC-0212,Andhra Sector 212,Andhra Coast,15.3023,81.2792,LOW,55207,1.25,0.027,52,66,71
SEC-0213,Coromandel Sector 213,Coromandel Coast,15.2926,79.3508,MODERATE,76073,5.52,0.017,29,30,20
SEC-0214,Konkan Sector 214,Konkan Coast,19.2361,72.7259,MODERATE,58976,4.92,0.035,85,75,13
SEC-0215,Canara Sector 215,Canara Coast,14.5693,74.0688,MODERATE,145297,7.69,0.035,90,64,61
SEC-0216,Coromandel Sector 216,Coromandel Coast,11.0128,79.7113,LOW,20927,15.87,0.056,43,72,19
SEC-0217,Gujarat Sector 217,Gujarat Coast,21.4323,71.9248,MODERATE,140591,6.78,0.019,83,16,91
SEC-0218,Bengal Sector 218,Bengal Coast,22.4605,88.3989,SAFE,129671,11.86,0.032,20,65,20
SEC-0219,Utkal Sector 219,Utkal Coast,20.054,85.2102,SEVERE,10565,2.73,0.08,59,62,25
SEC-0220,Andhra Sector 220,Andhra Coast,16.0348,81.9964,LOW,68108,14.47,0.037,74,80,54
SEC-0221,Andhra Sector 221,Andhra Coast,16.4371,84.1153,LOW,24227,0.56,0.029,66,57,34
SEC-0222,Gujarat Sector 222,Gujarat Coast,22.1382,68.9933,MODERATE,27174,10.21,0.079,30,23,70
SEC-0223,Konkan Sector 223,Konkan Coast,15.7111,73.1202,LOW,85789,11.99,0.022,82,57,69
SEC-0224,Gujarat Sector 224,Gujarat Coast,20.4626,69.7381,SAFE,103815,24.76,0.053,80,74,12
SEC-0225,Utkal Sector 225,Utkal Coast,20.0798,85.2333,SAFE,111554,23.13,0.027,73,37,31
SEC-0226,Bengal Sector 226,Bengal Coast,21.3845,87.7438,LOW,132701,19.72,0.062,94,60,32
SEC-0227,Bengal Sector 227,Bengal Coast,22.183,87.9606,LOW,14660,16.84,0.013,54,5,64
SEC-0228,Coromandel Sector 228,Coromandel Coast,13.2911,80.9873,SAFE,9545,20.54,0.015,33,58,14
SEC-0229,Konkan Sector 229,Konkan Coast,17.8279,73.2281,SAFE,73152,20.39,0.073,34,76,57
SEC-0230,Gujarat Sector 230,Gujarat Coast,22.4736,69.1768,MODERATE,122819,12.37,0.034,43,21,57
SEC-0231,Bengal Sector 231,Bengal Coast,21.1727,88.8414,SAFE,117118,20.09,0.056,36,28,79
SEC-0232,Malabar Sector 232,Malabar Coast,11.418,75.277,SEVERE,78712,20.22,0.069,37,37,77
SEC-0233,Coromandel Sector 233,Coromandel Coast,13.0643,80.9937,CRITICAL,119475,0.56,0.07,78,35,35
SEC-0234,Andhra Sector 234,Andhra Coast,14.0728,80.2327,SEVERE,131387,1.92,0.061,28,14,23
SEC-0235,Gujarat Sector 235,Gujarat Coast,21.5365,71.0059,CRITICAL,4888,7.61,0.051,26,7,41
SEC-0236,Konkan Sector 236,Konkan Coast,16.4948,72.968,MODERATE,91931,19.01,0.022,53,12,62
SEC-0237,Andhra Sector 237,Andhra Coast,15.989,81.3683,SAFE,36931,21.75,0.058,54,51,86
SEC-0238,Malabar Sector 238,Malabar Coast,9.1275,76.7372,SEVERE,22574,2.44,0.062,74,17,53
SEC-0239,Utkal Sector 239,Utkal Coast,19.7955,86.6219,SEVERE,73301,10.8,0.03,20,21,53
SEC-0240,Coromandel Sector 240,Coromandel Coast,15.5327,79.978,MODERATE,91802,18.6,0.038,73,20,46
SEC-0241,Malabar Sector 241,Malabar Coast,9.5546,75.8677,MODERATE,41556,9.44,0.017,47,27,14
SEC-0242,Canara Sector 242,Canara Coast,12.5667,74.9396,CRITICAL,121996,3.7,0.071,95,55,80
SEC-0243,Canara Sector 243,Canara Coast,12.7379,74.3678,LOW,28835,9.57,0.034,35,64,19
SEC-0244,Coromandel Sector 244,Coromandel Coast,13.7666,79.0182,SAFE,20432,10.75,0.028,75,32,50
SEC-0245,Andhra Sector 245,Andhra Coast,16.7641,81.4119,SAFE,98420,20.48,0.047,43,44,14
SEC-0246,Gujarat Sector 246,Gujarat Coast,21.0523,68.9664,SAFE,67594,10.01,0.073,36,78,87
SEC-0247,Andhra Sector 247,Andhra Coast,16.452,81.7963,SAFE,139291,14.35,0.06,65,5,81
SEC-0248,Coromandel Sector 248,Coromandel Coast,14.3481,79.8098,CRITICAL,71012,2.8,0.02,88,69,43
SEC-0249,Canara Sector 249,Canara Coast,14.9194,74.2929,LOW,12072,8.68,0.068,84,63,61
SEC-0250,Konkan Sector 250,Konkan Coast,17.671,72.567,LOW,7436,20.39,0.057,35,11,20
SEC-0251,Malabar Sector 251,Malabar Coast,10.3424,75.0035,MODERATE,37884,20.63,0.069,41,45,30
SEC-0252,Konkan Sector 252,Konkan Coast,19.9897,73.9156,MODERATE,102613,9.42,0.021,24,52,82
SEC-0253,Malabar Sector 253,Malabar Coast,11.5549,75.1177,SAFE,84047,12.69,0.061,35,37,66
SEC-0254,Konkan Sector 254,Konkan Coast,18.5368,72.69,LOW,98972,17.37,0.071,42,25,22
SEC-0255,Utkal Sector 255,Utkal Coast,19.1825,84.9817,MODERATE,91144,18.48,0.065,38,39,45
SEC-0256,Konkan Sector 256,Konkan Coast,16.8405,73.6524,SAFE,126440,16.63,0.046,72,27,86
SEC-0257,Malabar Sector 257,Malabar Coast,10.1582,76.4891,MODERATE,12887,20.34,0.053,48,53,79
SEC-0258,Malabar Sector 258,Malabar Coast,11.7211,76.0514,LOW,100434,6.1,0.06,21,76,30
SEC-0259,Andhra Sector 259,Andhra Coast,14.3421,80.5257,LOW,55667,5.78,0.019,84,59,53
SEC-0260,Coromandel Sector 260,Coromandel Coast,15.6735,80.7111,LOW,76653,23.95,0.035,57,42,88
SEC-0261,Malabar Sector 261,Malabar Coast,9.597,76.2743,LOW,17284,2.18,0.054,72,76,75
SEC-0262,Coromandel Sector 262,Coromandel Coast,14.6612,80.4807,LOW,37947,5.91,0.056,41,68,63
SEC-0263,Konkan Sector 263,Konkan Coast,16.685,73.985,MODERATE,102476,22.73,0.043,95,65,74
SEC-0264,Utkal Sector 264,Utkal Coast,20.308,85.936,SEVERE,139410,20.48,0.079,58,32,42
SEC-0265,Canara Sector 265,Canara Coast,14.131,74.2532,MODERATE,34930,0.94,0.078,23,25,16
SEC-0266,Malabar Sector 266,Malabar Coast,11.0175,76.703,SEVERE,8363,21.5,0.055,54,69,57
SEC-0267,Bengal Sector 267,Bengal Coast,21.1111,88.3006,LOW,21432,18.5,0.012,76,32,51
SEC-0268,Utkal Sector 268,Utkal Coast,19.7062,85.1439,MODERATE,44353,17.84,0.013,43,28,54
SEC-0269,Konkan Sector 269,Konkan Coast,15.6949,73.7347,SAFE,79373,6.3,0.057,30,25,17
SEC-0270,Utkal Sector 270,Utkal Coast,19.5127,86.5814,SAFE,87679,17.3,0.012,61,37,66
SEC-0271,Bengal Sector 271,Bengal Coast,21.591,87.9673,MODERATE,70293,16.94,0.072,90,18,59
SEC-0272,Bengal Sector 272,Bengal Coast,21.5467,88.9757,LOW,128744,20.22,0.046,82,29,24
SEC-0273,Coromandel Sector 273,Coromandel Coast,13.2013,79.173,MODERATE,103892,3.36,0.074,74,66,55
SEC-0274,Andhra Sector 274,Andhra Coast,18.1667,84.689,SEVERE,140229,4.43,0.067,37,43,21
SEC-0275,Malabar Sector 275,Malabar Coast,9.5549,75.8064,MODERATE,131950,4.15,0.035,32,22,24
SEC-0276,Bengal Sector 276,Bengal Coast,22.2802,87.9536,SAFE,11673,11.68,0.019,47,37,36
SEC-0277,Bengal Sector 277,Bengal Coast,21.5904,88.4888,LOW,7101,16.36,0.028,58,70,81
SEC-0278,Bengal Sector 278,Bengal Coast,22.1139,88.8655,LOW,61064,23.7,0.025,76,20,54
SEC-0279,Malabar Sector 279,Malabar Coast,11.188,76.6743,SAFE,79965,13.08,0.068,80,55,83
SEC-0280,Utkal Sector 280,Utkal Coast,19.904,86.8302,SAFE,105682,20.47,0.031,40,64,27
SEC-0281,Canara Sector 281,Canara Coast,12.5317,74.9491,SAFE,37778,13.23,0.04,44,54,44
SEC-0282,Andhra Sector 282,Andhra Coast,17.8608,80.1832,SAFE,101083,7.62,0.026,20,39,14
SEC-0283,Konkan Sector 283,Konkan Coast,19.6417,72.5015,SEVERE,37385,3.29,0.014,93,28,64
SEC-0284,Konkan Sector 284,Konkan Coast,17.0085,73.166,MODERATE,14716,5.66,0.061,39,25,41
SEC-0285,Malabar Sector 285,Malabar Coast,11.488,75.2219,MODERATE,122173,2.0,0.066,35,45,67
SEC-0286,Bengal Sector 286,Bengal Coast,21.9798,87.8814,CRITICAL,53807,1.84,0.047,54,79,85
SEC-0287,Utkal Sector 287,Utkal Coast,21.3693,84.4265,SAFE,65651,9.1,0.037,50,37,42
SEC-0288,Coromandel Sector 288,Coromandel Coast,15.4017,79.9027,LOW,100506,23.28,0.075,68,65,23
SEC-0289,Coromandel Sector 289,Coromandel Coast,14.9055,79.1755,MODERATE,19935,6.75,0.035,91,67,63
SEC-0290,Konkan Sector 290,Konkan Coast,18.0925,73.8006,SAFE,48212,19.48,0.077,42,17,24
SEC-0291,Malabar Sector 291,Malabar Coast,10.0266,76.6245,LOW,13560,23.49,0.05,41,61,94
SEC-0292,Coromandel Sector 292,Coromandel Coast,15.4137,80.2169,MODERATE,80248,7.7,0.015,66,78,74
SEC-0293,Konkan Sector 293,Konkan Coast,18.5646,72.8524,SAFE,13581,7.17,0.038,31,48,55
SEC-0294,Utkal Sector 294,Utkal Coast,21.9582,87.0711,SAFE,27604,19.59,0.018,67,52,24
SEC-0295,Andhra Sector 295,Andhra Coast,14.1466,84.4379,SEVERE,101322,3.92,0.033,42,58,55
SEC-0296,Konkan Sector 296,Konkan Coast,18.037,73.929,CRITICAL,17228,5.63,0.057,39,43,77
SEC-0297,Konkan Sector 297,Konkan Coast,16.1341,73.3229,SEVERE,26936,21.11,0.039,94,75,19
SEC-0298,Malabar Sector 298,Malabar Coast,9.3223,75.7715,LOW,75842,12.51,0.041,65,52,61
SEC-0299,Bengal Sector 299,Bengal Coast,21.5073,88.9498,MODERATE,24178,3.93,0.043,78,68,35
SEC-0300,Andhra Sector 300,Andhra Coast,16.2439,84.5974,MODERATE,11743,9.86,0.078,66,76,54
SEC-0301,Malabar Sector 301,Malabar Coast,9.924,76.1724,LOW,56562,5.61,0.012,25,10,70
SEC-0302,Konkan Sector 302,Konkan Coast,19.0658,73.2775,MODERATE,45936,22.06,0.04,51,15,89
SEC-0303,Konkan Sector 303,Konkan Coast,16.574,73.7091,MODERATE,136132,14.79,0.038,74,47,44
SEC-0304,Malabar Sector 304,Malabar Coast,8.822,75.7795,SAFE,101244,13.91,0.044,23,72,17
SEC-0305,Gujarat Sector 305,Gujarat Coast,23.3621,70.0688,LOW,34962,20.7,0.012,57,59,64
SEC-0306,Utkal Sector 306,Utkal Coast,19.8407,85.2865,SAFE,37912,22.93,0.041,51,63,15
SEC-0307,Utkal Sector 307,Utkal Coast,20.8163,86.4909,CRITICAL,129257,5.37,0.063,89,25,91
SEC-0308,Gujarat Sector 308,Gujarat Coast,23.7569,71.63,SEVERE,137022,12.49,0.027,86,58,33
SEC-0309,Malabar Sector 309,Malabar Coast,10.9056,76.2039,LOW,88362,6.62,0.054,44,31,48
SEC-0310,Bengal Sector 310,Bengal Coast,21.007,88.2339,MODERATE,20065,6.09,0.08,61,17,24
SEC-0311,Bengal Sector 311,Bengal Coast,22.0886,88.4276,SEVERE,68493,4.21,0.073,41,50,23
SEC-0312,Canara Sector 312,Canara Coast,12.8682,74.6779,SAFE,5940,17.1,0.024,33,36,18
SEC-0313,Malabar Sector 313,Malabar Coast,10.4579,75.0442,LOW,53028,4.11,0.067,80,30,62
SEC-0314,Coromandel Sector 314,Coromandel Coast,14.3546,80.2271,LOW,66585,14.3,0.049,74,16,88
SEC-0315,Utkal Sector 315,Utkal Coast,19.6241,86.5151,MODERATE,120991,19.06,0.032,79,65,80
SEC-0316,Gujarat Sector 316,Gujarat Coast,23.3386,68.9683,SAFE,144063,17.6,0.08,89,60,21
SEC-0317,Andhra Sector 317,Andhra Coast,18.0286,83.8395,LOW,23109,12.47,0.05,69,23,14
SEC-0318,Canara Sector 318,Canara Coast,12.634,74.1532,SAFE,40423,3.55,0.063,84,15,21
SEC-0319,Coromandel Sector 319,Coromandel Coast,15.0414,80.9032,CRITICAL,82524,23.14,0.061,53,9,69
SEC-0320,Andhra Sector 320,Andhra Coast,15.2897,81.1929,SAFE,128778,11.17,0.059,44,22,37
SEC-0321,Utkal Sector 321,Utkal Coast,20.4253,85.4568,SAFE,85635,20.92,0.039,83,58,88
SEC-0322,Gujarat Sector 322,Gujarat Coast,21.0583,68.9624,SEVERE,40655,6.29,0.031,76,5,63
SEC-0323,Andhra Sector 323,Andhra Coast,14.8472,80.2651,SAFE,135430,23.18,0.072,83,64,13
SEC-0324,Bengal Sector 324,Bengal Coast,21.3036,87.6286,SEVERE,50397,1.69,0.054,55,72,25
SEC-0325,Andhra Sector 325,Andhra Coast,18.2719,83.2234,LOW,43049,14.36,0.041,79,26,17
SEC-0326,Malabar Sector 326,Malabar Coast,10.1738,76.0378,SAFE,43354,19.83,0.05,85,14,33
SEC-0327,Canara Sector 327,Canara Coast,12.3427,74.0484,LOW,17117,22.36,0.03,62,45,20
SEC-0328,Bengal Sector 328,Bengal Coast,21.7701,88.4597,MODERATE,131295,24.04,0.023,33,66,10
SEC-0329,Andhra Sector 329,Andhra Coast,15.0928,84.0692,LOW,48527,5.81,0.076,38,72,45
SEC-0330,Andhra Sector 330,Andhra Coast,14.321,84.1485,LOW,25472,14.1,0.047,49,69,85
SEC-0331,Konkan Sector 331,Konkan Coast,16.2299,73.5106,LOW,22401,23.33,0.032,31,5,88
SEC-0332,Bengal Sector 332,Bengal Coast,21.5344,88.293,LOW,103664,13.63,0.072,53,6,49
SEC-0333,Andhra Sector 333,Andhra Coast,18.0558,83.4782,SEVERE,5986,18.87,0.066,48,11,48
SEC-0334,Konkan Sector 334,Konkan Coast,15.7357,73.4744,LOW,141756,14.3,0.075,58,29,25
SEC-0335,Utkal Sector 335,Utkal Coast,20.3073,84.768,MODERATE,98717,17.36,0.054,83,46,34
SEC-0336,Gujarat Sector 336,Gujarat Coast,20.6215,70.9148,CRITICAL,139277,2.03,0.038,62,15,14
SEC-0337,Bengal Sector 337,Bengal Coast,21.5064,87.6676,CRITICAL,112261,1.03,0.05,35,39,32
SEC-0338,Canara Sector 338,Canara Coast,14.0485,74.0106,LOW,41065,23.33,0.067,25,52,93
SEC-0339,Utkal Sector 339,Utkal Coast,20.0837,86.016,LOW,12851,15.21,0.047,78,56,52
SEC-0340,Konkan Sector 340,Konkan Coast,16.6078,73.2004,LOW,83266,13.51,0.075,30,53,45
SEC-0341,Malabar Sector 341,Malabar Coast,9.9708,75.0644,LOW,24439,9.07,0.064,33,65,42
SEC-0342,Canara Sector 342,Canara Coast,14.5523,74.7265,MODERATE,130030,24.59,0.026,55,6,79
SEC-0343,Andhra Sector 343,Andhra Coast,15.4006,81.1767,MODERATE,84951,23.94,0.042,36,20,63
SEC-0344,Bengal Sector 344,Bengal Coast,22.1241,88.8964,SAFE,31923,18.2,0.022,67,16,80
SEC-0345,Bengal Sector 345,Bengal Coast,21.6574,88.1221,LOW,106000,4.91,0.058,44,60,38
SEC-0346,Konkan Sector 346,Konkan Coast,17.4573,73.308,SAFE,121711,14.55,0.077,75,55,86
SEC-0347,Konkan Sector 347,Konkan Coast,18.379,72.8743,SAFE,69701,19.2,0.029,94,36,20
SEC-0348,Malabar Sector 348,Malabar Coast,9.976,76.5853,LOW,39407,10.58,0.015,21,32,60
SEC-0349,Andhra Sector 349,Andhra Coast,17.819,82.4243,SAFE,17847,17.37,0.029,75,9,57
SEC-0350,Canara Sector 350,Canara Coast,13.7541,74.3531,SAFE,127935,13.12,0.054,88,58,61
SEC-0351,Gujarat Sector 351,Gujarat Coast,22.8751,68.2182,SAFE,29051,14.8,0.034,65,10,59
SEC-0352,Coromandel Sector 352,Coromandel Coast,10.563,79.6887,SAFE,23776,6.79,0.066,52,44,89
SEC-0353,Malabar Sector 353,Malabar Coast,11.9552,75.643,SAFE,7428,14.07,0.055,53,5,38
SEC-0354,Andhra Sector 354,Andhra Coast,16.9256,80.8919,SAFE,102619,17.17,0.028,69,14,81
SEC-0355,Andhra Sector 355,Andhra Coast,15.0982,80.7174,SAFE,84935,12.64,0.039,34,80,47
SEC-0356,Canara Sector 356,Canara Coast,14.438,74.7362,SEVERE,44282,13.85,0.031,77,78,36
SEC-0357,Malabar Sector 357,Malabar Coast,11.9591,75.0928,CRITICAL,52848,4.95,0.042,87,27,14
SEC-0358,Malabar Sector 358,Malabar Coast,8.3245,75.2909,LOW,53462,8.48,0.024,51,59,27
SEC-0359,Bengal Sector 359,Bengal Coast,22.1079,87.8878,CRITICAL,85223,0.63,0.032,34,15,43
SEC-0360,Utkal Sector 360,Utkal Coast,19.6625,86.9778,CRITICAL,120541,5.59,0.07,24,30,20
SEC-0361,Bengal Sector 361,Bengal Coast,22.2504,87.5473,LOW,124430,22.23,0.06,36,66,43
SEC-0362,Konkan Sector 362,Konkan Coast,19.8766,72.9458,SEVERE,108778,15.51,0.012,70,8,56
SEC-0363,Bengal Sector 363,Bengal Coast,22.2754,87.7856,SAFE,103843,6.22,0.03,55,54,20
SEC-0364,Canara Sector 364,Canara Coast,13.2779,74.7654,LOW,28489,0.88,0.052,72,28,17
SEC-0365,Konkan Sector 365,Konkan Coast,17.0209,72.564,SAFE,84824,16.53,0.074,57,43,64
SEC-0366,Canara Sector 366,Canara Coast,13.432,74.8102,SAFE,36325,5.71,0.025,45,8,64
SEC-0367,Konkan Sector 367,Konkan Coast,17.9734,73.0338,MODERATE,64615,22.16,0.016,33,65,62
SEC-0368,Andhra Sector 368,Andhra Coast,15.8829,80.802,MODERATE,61844,8.61,0.011,34,29,71
SEC-0369,Canara Sector 369,Canara Coast,12.5594,74.0153,MODERATE,35491,23.75,0.017,87,19,21
SEC-0370,Coromandel Sector 370,Coromandel Coast,12.5105,80.61,MODERATE,134795,0.65,0.036,48,75,71
SEC-0371,Malabar Sector 371,Malabar Coast,11.186,76.9879,MODERATE,48997,23.77,0.024,38,24,92
SEC-0372,Gujarat Sector 372,Gujarat Coast,20.008,68.2814,SAFE,26213,13.13,0.069,33,37,25
SEC-0373,Bengal Sector 373,Bengal Coast,21.4023,88.7188,MODERATE,57122,22.02,0.074,81,37,86
SEC-0374,Canara Sector 374,Canara Coast,13.896,74.7993,MODERATE,86699,11.92,0.063,89,65,44
SEC-0375,Bengal Sector 375,Bengal Coast,21.563,88.1259,SAFE,76057,23.07,0.021,64,78,54
SEC-0376,Canara Sector 376,Canara Coast,12.8123,74.5758,MODERATE,94249,5.0,0.05,81,57,48
SEC-0377,Utkal Sector 377,Utkal Coast,19.38,85.9165,LOW,114134,11.74,0.011,61,51,63
SEC-0378,Andhra Sector 378,Andhra Coast,17.6325,81.2389,SEVERE,77103,3.0,0.02,75,41,11
SEC-0379,Utkal Sector 379,Utkal Coast,19.0944,85.4181,SAFE,15049,11.1,0.038,81,80,56
SEC-0380,Malabar Sector 380,Malabar Coast,11.7791,75.1635,MODERATE,85826,11.41,0.022,47,56,60
SEC-0381,Utkal Sector 381,Utkal Coast,20.8106,84.888,LOW,76996,22.28,0.062,75,75,55
SEC-0382,Coromandel Sector 382,Coromandel Coast,14.9929,79.7505,SAFE,112490,12.44,0.01,38,9,36
SEC-0383,Canara Sector 383,Canara Coast,13.4198,74.7422,SAFE,17131,7.88,0.049,83,47,26
SEC-0384,Canara Sector 384,Canara Coast,12.5908,74.3578,SAFE,91607,23.89,0.053,47,28,91
SEC-0385,Gujarat Sector 385,Gujarat Coast,21.445,69.3866,CRITICAL,43631,2.0,0.041,21,25,59
SEC-0386,Utkal Sector 386,Utkal Coast,21.4006,87.2546,SAFE,62627,16.26,0.024,76,21,37
SEC-0387,Coromandel Sector 387,Coromandel Coast,13.7139,79.6603,LOW,65319,9.17,0.061,45,55,41
SEC-0388,Gujarat Sector 388,Gujarat Coast,22.339,69.3393,MODERATE,143070,12.04,0.012,43,61,66
SEC-0389,Konkan Sector 389,Konkan Coast,16.0403,73.8718,MODERATE,2111,10.44,0.074,69,23,89
SEC-0390,Bengal Sector 390,Bengal Coast,22.1952,88.4795,SAFE,127782,23.19,0.063,47,54,10
SEC-0391,Andhra Sector 391,Andhra Coast,18.4944,80.2326,MODERATE,22149,1.29,0.046,22,51,26
SEC-0392,Konkan Sector 392,Konkan Coast,19.8582,72.878,SEVERE,119678,6.57,0.016,29,57,94
SEC-0393,Canara Sector 393,Canara Coast,13.8923,74.776,SEVERE,7326,24.19,0.022,71,6,17
SEC-0394,Coromandel Sector 394,Coromandel Coast,15.8573,79.4191,LOW,140055,12.09,0.059,55,66,30
SEC-0395,Utkal Sector 395,Utkal Coast,19.0748,84.2819,SAFE,117282,13.38,0.031,90,73,38
SEC-0396,Utkal Sector 396,Utkal Coast,21.3433,86.6451,CRITICAL,56888,10.85,0.067,62,75,70
SEC-0397,Canara Sector 397,Canara Coast,13.5305,74.1859,LOW,27416,5.52,0.032,44,62,90
SEC-0398,Gujarat Sector 398,Gujarat Coast,22.4576,69.8556,SEVERE,16026,3.11,0.056,36,43,62
SEC-0399,Andhra Sector 399,Andhra Coast,14.7642,83.1508,LOW,142740,23.57,0.053,53,40,15
